Country Name,Country Code,Year,Value
South Asia (IDA & IBRD),TSA,1995,474034412840.605
South Asia (IDA & IBRD),TSA,1996,518624561849.029
South Asia (IDA & IBRD),TSA,1997,544005563623.853
South Asia (IDA & IBRD),TSA,1998,551628275407.375
South Asia (IDA & IBRD),TSA,1999,590948715637.076
South Asia (IDA & IBRD),TSA,2000,614756473708.65
South Asia (IDA & IBRD),TSA,2001,630828017007.045
South Asia (IDA & IBRD),TSA,2002,663250167513.213
South Asia (IDA & IBRD),TSA,2003,774466662241.158
South Asia (IDA & IBRD),TSA,2004,897926604903.83
South Asia (IDA & IBRD),TSA,2005,1028639938471.39
South Asia (IDA & IBRD),TSA,2006,1176253735122.35
South Asia (IDA & IBRD),TSA,2007,1488693557083.01
South Asia (IDA & IBRD),TSA,2008,1515641609304.52
South Asia (IDA & IBRD),TSA,2009,1665589062548.31
South Asia (IDA & IBRD),TSA,2010,2042141855806.9
South Asia (IDA & IBRD),TSA,2011,2272006394117.54
South Asia (IDA & IBRD),TSA,2012,2297909547839.05
South Asia (IDA & IBRD),TSA,2013,2356659793779.43
South Asia (IDA & IBRD),TSA,2014,2577691553786.73
South Asia (IDA & IBRD),TSA,2015,2682804385971.41
South Asia (IDA & IBRD),TSA,2016,2892480763179.47
Sub-Saharan Africa,SSF,1960,30293454848.2105
Sub-Saharan Africa,SSF,1961,31465076775.5305
Sub-Saharan Africa,SSF,1962,34104849889.4766
Sub-Saharan Africa,SSF,1963,39106436783.5605
Sub-Saharan Africa,SSF,1964,38154669432.4731
Sub-Saharan Africa,SSF,1965,42511265775.887
Sub-Saharan Africa,SSF,1966,45892007068.4289
Sub-Saharan Africa,SSF,1967,45355789870.4112
Sub-Saharan Africa,SSF,1968,48511689901.6278
Sub-Saharan Africa,SSF,1969,55619101230.4241
Sub-Saharan Africa,SSF,1970,65441663595.2528
Sub-Saharan Africa,SSF,1971,66584540143.7838
Sub-Saharan Africa,SSF,1972,75015704819.2867
Sub-Saharan Africa,SSF,1973,95886132380.8826
Sub-Saharan Africa,SSF,1974,125666113209.184
Sub-Saharan Africa,SSF,1975,138201570744.764
Sub-Saharan Africa,SSF,1976,150065750976.478
Sub-Saharan Africa,SSF,1977,165419484974.18
Sub-Saharan Africa,SSF,1978,182804718774.66
Sub-Saharan Africa,SSF,1979,220049397934.685
Sub-Saharan Africa,SSF,1980,276325613788.158
Sub-Saharan Africa,SSF,1981,278746905466.921
Sub-Saharan Africa,SSF,1982,260407279021.102
Sub-Saharan Africa,SSF,1983,242438533416.832
Sub-Saharan Africa,SSF,1984,230830117319.801
Sub-Saharan Africa,SSF,1985,215111614796.826
Sub-Saharan Africa,SSF,1986,238400378521.777
Sub-Saharan Africa,SSF,1987,280930550942.236
Sub-Saharan Africa,SSF,1988,295523690332.111
Sub-Saharan Africa,SSF,1989,309182519793.758
Sub-Saharan Africa,SSF,1990,309656772694.718
Sub-Saharan Africa,SSF,1991,319139026333.247
Sub-Saharan Africa,SSF,1992,313874505716.532
Sub-Saharan Africa,SSF,1993,300038498591.01
Sub-Saharan Africa,SSF,1994,292189333027.886
Sub-Saharan Africa,SSF,1995,337411634256.534
Sub-Saharan Africa,SSF,1996,348828092040.987
Sub-Saharan Africa,SSF,1997,361006709281.608
Sub-Saharan Africa,SSF,1998,340572456123.532
Sub-Saharan Africa,SSF,1999,342916454500.386
Sub-Saharan Africa,SSF,2000,367679644790.853
Sub-Saharan Africa,SSF,2001,342345476693.071
Sub-Saharan Africa,SSF,2002,366969503176.655
Sub-Saharan Africa,SSF,2003,468505411662.939
Sub-Saharan Africa,SSF,2004,583461060225.834
Sub-Saharan Africa,SSF,2005,685226908393.033
Sub-Saharan Africa,SSF,2006,802075288542.163
Sub-Saharan Africa,SSF,2007,933327105483.533
Sub-Saharan Africa,SSF,2008,1067466936503.72
Sub-Saharan Africa,SSF,2009,1022616202357.64
Sub-Saharan Africa,SSF,2010,1365815003522.17
Sub-Saharan Africa,SSF,2011,1537231271076.8
Sub-Saharan Africa,SSF,2012,1612110026187.15
Sub-Saharan Africa,SSF,2013,1698517981177.86
Sub-Saharan Africa,SSF,2014,1780285270973.27
Sub-Saharan Africa,SSF,2015,1605874046218.37
Sub-Saharan Africa,SSF,2016,1512596044161.42
Sub-Saharan Africa (excluding high income),SSA,1960,30282688202.5902
Sub-Saharan Africa (excluding high income),SSA,1961,31454913188.7513
Sub-Saharan Africa (excluding high income),SSA,1962,34093744323.7056
Sub-Saharan Africa (excluding high income),SSA,1963,39094362715.9907
Sub-Saharan Africa (excluding high income),SSA,1964,38140805165.2228
Sub-Saharan Africa (excluding high income),SSA,1965,42497601517.868
Sub-Saharan Africa (excluding high income),SSA,1966,45877717974.5334
Sub-Saharan Africa (excluding high income),SSA,1967,45341229114.3769
Sub-Saharan Africa (excluding high income),SSA,1968,48498076332.2064
Sub-Saharan Africa (excluding high income),SSA,1969,55605752590.73
Sub-Saharan Africa (excluding high income),SSA,1970,65427015247.3062
Sub-Saharan Africa (excluding high income),SSA,1971,66565970097.9985
Sub-Saharan Africa (excluding high income),SSA,1972,74988052256.6631
Sub-Saharan Africa (excluding high income),SSA,1973,95853382652.8724
Sub-Saharan Africa (excluding high income),SSA,1974,125629150789.938
Sub-Saharan Africa (excluding high income),SSA,1975,138160503656.034
Sub-Saharan Africa (excluding high income),SSA,1976,150024157646.685
Sub-Saharan Africa (excluding high income),SSA,1977,165362050849.068
Sub-Saharan Africa (excluding high income),SSA,1978,182725066759.896
Sub-Saharan Africa (excluding high income),SSA,1979,219925937375.486
Sub-Saharan Africa (excluding high income),SSA,1980,276184722336.96
Sub-Saharan Africa (excluding high income),SSA,1981,278597853235.486
Sub-Saharan Africa (excluding high income),SSA,1982,260264589147.935
Sub-Saharan Africa (excluding high income),SSA,1983,242295997168.792
Sub-Saharan Africa (excluding high income),SSA,1984,230681896256.8
Sub-Saharan Africa (excluding high income),SSA,1985,214943487938.231
Sub-Saharan Africa (excluding high income),SSA,1986,238192518260.502
Sub-Saharan Africa (excluding high income),SSA,1987,280681131373.112
Sub-Saharan Africa (excluding high income),SSA,1988,295238997460.339
Sub-Saharan Africa (excluding high income),SSA,1989,308876668854.173
Sub-Saharan Africa (excluding high income),SSA,1990,309286253188.394
Sub-Saharan Africa (excluding high income),SSA,1991,318762752488.883
Sub-Saharan Africa (excluding high income),SSA,1992,313438008904.04
Sub-Saharan Africa (excluding high income),SSA,1993,299561111282.797
Sub-Saharan Africa (excluding high income),SSA,1994,291699180590.638
Sub-Saharan Africa (excluding high income),SSA,1995,336899828856.759
Sub-Saharan Africa (excluding high income),SSA,1996,348321606632.535
Sub-Saharan Africa (excluding high income),SSA,1997,360439668356.04
Sub-Saharan Africa (excluding high income),SSA,1998,339959239241.738
Sub-Saharan Africa (excluding high income),SSA,1999,342288453546.952
Sub-Saharan Africa (excluding high income),SSA,2000,367060072093.125
Sub-Saharan Africa (excluding high income),SSA,2001,341718203479.383
Sub-Saharan Africa (excluding high income),SSA,2002,366266226628.11
Sub-Saharan Africa (excluding high income),SSA,2003,467794698562.701
Sub-Saharan Africa (excluding high income),SSA,2004,582616004511.318
Sub-Saharan Africa (excluding high income),SSA,2005,684301913492.808
Sub-Saharan Africa (excluding high income),SSA,2006,801052727346.296
Sub-Saharan Africa (excluding high income),SSA,2007,932288287192.586
Sub-Saharan Africa (excluding high income),SSA,2008,1066496449692.34
Sub-Saharan Africa (excluding high income),SSA,2009,1021766938427.26
Sub-Saharan Africa (excluding high income),SSA,2010,1364845197859.64
Sub-Saharan Africa (excluding high income),SSA,2011,1536165615272.17
Sub-Saharan Africa (excluding high income),SSA,2012,1610975894781.15
Sub-Saharan Africa (excluding high income),SSA,2013,1697106498117.33
Sub-Saharan Africa (excluding high income),SSA,2014,1778862267354.27
Sub-Saharan Africa (excluding high income),SSA,2015,1604435981606.03
Sub-Saharan Africa (excluding high income),SSA,2016,1511168024853.82
Sub-Saharan Africa (IDA & IBRD countries),TSS,1960,30293454848.2105
Sub-Saharan Africa (IDA & IBRD countries),TSS,1961,31465076775.5305
Sub-Saharan Africa (IDA & IBRD countries),TSS,1962,34104849889.4766
Sub-Saharan Africa (IDA & IBRD countries),TSS,1963,39106436783.5605
Sub-Saharan Africa (IDA & IBRD countries),TSS,1964,38154669432.4731
Sub-Saharan Africa (IDA & IBRD countries),TSS,1965,42511265775.8869
Sub-Saharan Africa (IDA & IBRD countries),TSS,1966,45892007068.4288
Sub-Saharan Africa (IDA & IBRD countries),TSS,1967,45355789870.4112
Sub-Saharan Africa (IDA & IBRD countries),TSS,1968,48511689901.6278
Sub-Saharan Africa (IDA & IBRD countries),TSS,1969,55619101230.4241
Sub-Saharan Africa (IDA & IBRD countries),TSS,1970,65441663595.2527
Sub-Saharan Africa (IDA & IBRD countries),TSS,1971,66584540143.7838
Sub-Saharan Africa (IDA & IBRD countries),TSS,1972,75015704819.2867
Sub-Saharan Africa (IDA & IBRD countries),TSS,1973,95886132380.8826
Sub-Saharan Africa (IDA & IBRD countries),TSS,1974,125666113209.184
Sub-Saharan Africa (IDA & IBRD countries),TSS,1975,138201570744.764
Sub-Saharan Africa (IDA & IBRD countries),TSS,1976,150065750976.478
Sub-Saharan Africa (IDA & IBRD countries),TSS,1977,165419484974.18
Sub-Saharan Africa (IDA & IBRD countries),TSS,1978,182804718774.66
Sub-Saharan Africa (IDA & IBRD countries),TSS,1979,220049397934.685
Sub-Saharan Africa (IDA & IBRD countries),TSS,1980,276325613788.157
Sub-Saharan Africa (IDA & IBRD countries),TSS,1981,278746905466.921
Sub-Saharan Africa (IDA & IBRD countries),TSS,1982,260407279021.102
Sub-Saharan Africa (IDA & IBRD countries),TSS,1983,242438533416.831
Sub-Saharan Africa (IDA & IBRD countries),TSS,1984,230830117319.8
Sub-Saharan Africa (IDA & IBRD countries),TSS,1985,215111614796.825
Sub-Saharan Africa (IDA & IBRD countries),TSS,1986,238400378521.777
Sub-Saharan Africa (IDA & IBRD countries),TSS,1987,280930550942.236
Sub-Saharan Africa (IDA & IBRD countries),TSS,1988,295523690332.111
Sub-Saharan Africa (IDA & IBRD countries),TSS,1989,309182519793.757
Sub-Saharan Africa (IDA & IBRD countries),TSS,1990,309656772694.718
Sub-Saharan Africa (IDA & IBRD countries),TSS,1991,319139026333.246
Sub-Saharan Africa (IDA & IBRD countries),TSS,1992,313874505716.532
Sub-Saharan Africa (IDA & IBRD countries),TSS,1993,300038498591.01
Sub-Saharan Africa (IDA & IBRD countries),TSS,1994,292189333027.886
Sub-Saharan Africa (IDA & IBRD countries),TSS,1995,337411634256.534
Sub-Saharan Africa (IDA & IBRD countries),TSS,1996,348828092040.987
Sub-Saharan Africa (IDA & IBRD countries),TSS,1997,361006709281.608
Sub-Saharan Africa (IDA & IBRD countries),TSS,1998,340572456123.532
Sub-Saharan Africa (IDA & IBRD countries),TSS,1999,342916454500.386
Sub-Saharan Africa (IDA & IBRD countries),TSS,2000,367679644790.853
Sub-Saharan Africa (IDA & IBRD countries),TSS,2001,342345476693.071
Sub-Saharan Africa (IDA & IBRD countries),TSS,2002,366969503176.656
Sub-Saharan Africa (IDA & IBRD countries),TSS,2003,468505411662.939
Sub-Saharan Africa (IDA & IBRD countries),TSS,2004,583461060225.834
Sub-Saharan Africa (IDA & IBRD countries),TSS,2005,685226908393.033
Sub-Saharan Africa (IDA & IBRD countries),TSS,2006,802075288542.163
Sub-Saharan Africa (IDA & IBRD countries),TSS,2007,933327105483.534
Sub-Saharan Africa (IDA & IBRD countries),TSS,2008,1067466936503.72
Sub-Saharan Africa (IDA & IBRD countries),TSS,2009,1022616202357.64
Sub-Saharan Africa (IDA & IBRD countries),TSS,2010,1365815003522.17
Sub-Saharan Africa (IDA & IBRD countries),TSS,2011,1537231271076.8
Sub-Saharan Africa (IDA & IBRD countries),TSS,2012,1612110026187.15
Sub-Saharan Africa (IDA & IBRD countries),TSS,2013,1698517981177.86
Sub-Saharan Africa (IDA & IBRD countries),TSS,2014,1780285270973.27
Sub-Saharan Africa (IDA & IBRD countries),TSS,2015,1605874046218.37
Sub-Saharan Africa (IDA & IBRD countries),TSS,2016,1512596044161.42
Upper middle income,UMC,1960,217197228589.06
Upper middle income,UMC,1961,198161709253.157
Upper middle income,UMC,1962,208387681588.376
Upper middle income,UMC,1963,218097128148.794
Upper middle income,UMC,1964,246118229644.675
Upper middle income,UMC,1965,274661068385.749
Upper middle income,UMC,1966,301788034391.807
Upper middle income,UMC,1967,306048687590.864
Upper middle income,UMC,1968,322080862813.56
Upper middle income,UMC,1969,360346863732.29
Upper middle income,UMC,1970,394709749267.255
Upper middle income,UMC,1971,432717473893.993
Upper middle income,UMC,1972,494628928337.531
Upper middle income,UMC,1973,642136260560.19
Upper middle income,UMC,1974,822212508130.015
Upper middle income,UMC,1975,906907625571.622
Upper middle income,UMC,1976,984879011514.869
Upper middle income,UMC,1977,1099892763408.74
Upper middle income,UMC,1978,1175436105563.13
Upper middle income,UMC,1979,1426455337349
Upper middle income,UMC,1980,1630708204057.47
Upper middle income,UMC,1981,1773940105596.22
Upper middle income,UMC,1982,1749432551997.41
Upper middle income,UMC,1983,1724507334399.32
Upper middle income,UMC,1984,1770298964147.93
Upper middle income,UMC,1985,1866998100513.03
Upper middle income,UMC,1986,1949717163087.08
Upper middle income,UMC,1987,1947815210541.88
Upper middle income,UMC,1988,2143321393959.61
Upper middle income,UMC,1989,2330509907218.71
Upper middle income,UMC,1990,2667998768468.1
Upper middle income,UMC,1991,2945865006368.94
Upper middle income,UMC,1992,2871277482764.44
Upper middle income,UMC,1993,3115092888404.34
Upper middle income,UMC,1994,3394081761536.28
Upper middle income,UMC,1995,3790084357284.85
Upper middle income,UMC,1996,4119734461208.99
Upper middle income,UMC,1997,4389821145553.8
Upper middle income,UMC,1998,4336843745142.04
Upper middle income,UMC,1999,4105116372238.13
Upper middle income,UMC,2000,4516717359655
Upper middle income,UMC,2001,4570269255613.37
Upper middle income,UMC,2002,4585341852437.76
Upper middle income,UMC,2003,5167481933006.5
Upper middle income,UMC,2004,6213674550938.77
Upper middle income,UMC,2005,7480336164014.47
Upper middle income,UMC,2006,8894393230290.41
Upper middle income,UMC,2007,11065382151621.8
Upper middle income,UMC,2008,13528506574524.2
Upper middle income,UMC,2009,13027040456100
Upper middle income,UMC,2010,15792230570440.2
Upper middle income,UMC,2011,18897054524211
Upper middle income,UMC,2012,20194427120059.2
Upper middle income,UMC,2013,21498865852640
Upper middle income,UMC,2014,22212201918323.9
Upper middle income,UMC,2015,20772440074303.6
Upper middle income,UMC,2016,20623856301266.3
World,WLD,1960,1366678314500.11
World,WLD,1961,1421787954650.66
World,WLD,1962,1526955368819.35
World,WLD,1963,1643751761478.77
World,WLD,1964,1800795995209.43
World,WLD,1965,1961780296080.77
World,WLD,1966,2128450484917.02
World,WLD,1967,2264600480895.74
World,WLD,1968,2443223914097.19
World,WLD,1969,2690797713906.75
World,WLD,1970,2957799684034.88
World,WLD,1971,3266907090008.42
World,WLD,1972,3767673874129.39
World,WLD,1973,4591345929540.29
World,WLD,1974,5296031606150.48
World,WLD,1975,5897205371168.41
World,WLD,1976,6416473081055.61
World,WLD,1977,7257626963722.61
World,WLD,1978,8542924735220.41
World,WLD,1979,9925897437975.24
World,WLD,1980,11172203734232.9
World,WLD,1981,11464351513520.9
World,WLD,1982,11363646516060.8
World,WLD,1983,11623710624558.5
World,WLD,1984,12065068062766.6
World,WLD,1985,12689154578406.4
World,WLD,1986,15022583231149.5
World,WLD,1987,17091694967928.9
World,WLD,1988,19140813953244.6
World,WLD,1989,20092825106288.4
World,WLD,1990,22595007714784.7
World,WLD,1991,23927631710502.6
World,WLD,1992,25409951568921.6
World,WLD,1993,25859044482204.5
World,WLD,1994,27767511728269.1
World,WLD,1995,30872586998056.7
World,WLD,1996,31552679853240.2
World,WLD,1997,31435387611565.4
World,WLD,1998,31338780339102.7
World,WLD,1999,32510834041730.3
World,WLD,2000,33566568243507
World,WLD,2001,33354548715888.5
World,WLD,2002,34635964364193.1
World,WLD,2003,38894058718266
World,WLD,2004,43804823746956.6
World,WLD,2005,47428894542015.9
World,WLD,2006,51363239608528.7
World,WLD,2007,57858970551966.6
World,WLD,2008,63461809858683.9
World,WLD,2009,60168346976208.9
World,WLD,2010,65954532001568.7
World,WLD,2011,73279862292629
World,WLD,2012,74889946508917.8
World,WLD,2013,76990857251851
World,WLD,2014,79049230590610.9
World,WLD,2015,74757745150689.1
World,WLD,2016,75845109381590.5
Afghanistan,AFG,1960,537777811.111111
Afghanistan,AFG,1961,548888895.555556
Afghanistan,AFG,1962,546666677.777778
Afghanistan,AFG,1963,751111191.111111
Afghanistan,AFG,1964,800000044.444444
Afghanistan,AFG,1965,1006666637.77778
Afghanistan,AFG,1966,1399999966.66667
Afghanistan,AFG,1967,1673333417.77778
Afghanistan,AFG,1968,1373333366.66667
Afghanistan,AFG,1969,1408888922.22222
Afghanistan,AFG,1970,1748886595.55556
Afghanistan,AFG,1971,1831108971.11111
Afghanistan,AFG,1972,1595555475.55556
Afghanistan,AFG,1973,1733333264.44444
Afghanistan,AFG,1974,2155555497.77778
Afghanistan,AFG,1975,2366666615.55556
Afghanistan,AFG,1976,2555555566.66667
Afghanistan,AFG,1977,2953333417.77778
Afghanistan,AFG,1978,3300000108.88889
Afghanistan,AFG,1979,3697940409.61098
Afghanistan,AFG,1980,3641723321.99546
Afghanistan,AFG,1981,3478787909.09091
Afghanistan,AFG,2001,2461665937.89386
Afghanistan,AFG,2002,4128820723.04713
Afghanistan,AFG,2003,4583644246.48061
Afghanistan,AFG,2004,5285465685.86423
Afghanistan,AFG,2005,6275073571.54659
Afghanistan,AFG,2006,7057598406.61553
Afghanistan,AFG,2007,9843842455.48323
Afghanistan,AFG,2008,10190529882.4878
Afghanistan,AFG,2009,12486943505.7381
Afghanistan,AFG,2010,15936800636.2487
Afghanistan,AFG,2011,17930239399.8149
Afghanistan,AFG,2012,20536542736.7297
Afghanistan,AFG,2013,20046334303.9661
Afghanistan,AFG,2014,20050189881.6659
Afghanistan,AFG,2015,19215562179.0117
Afghanistan,AFG,2016,19469022207.6852
Albania,ALB,1984,1924242453.00793
Albania,ALB,1985,1965384586.2409
Albania,ALB,1986,2173750012.5
Albania,ALB,1987,2156624900
Albania,ALB,1988,2126000000
Albania,ALB,1989,2335124987.5
Albania,ALB,1990,2101624962.5
Albania,ALB,1991,1139166645.83333
Albania,ALB,1992,709452583.880319
Albania,ALB,1993,1228071037.84446
Albania,ALB,1994,1985673798.10258
Albania,ALB,1995,2424499009.14264
Albania,ALB,1996,3314898291.75235
Albania,ALB,1997,2359903108.38446
Albania,ALB,1998,2707123772.16195
Albania,ALB,1999,3414760915.27878
Albania,ALB,2000,3632043907.97733
Albania,ALB,2001,4060758804.12084
Albania,ALB,2002,4435078647.74817
Albania,ALB,2003,5746945912.58082
Albania,ALB,2004,7314865175.6199
Albania,ALB,2005,8158548716.68554
Albania,ALB,2006,8992642348.7871
Albania,ALB,2007,10701011896.7708
Albania,ALB,2008,12881352687.7773
Albania,ALB,2009,12044212903.8168
Albania,ALB,2010,11926953258.916
Albania,ALB,2011,12890867538.5302
Albania,ALB,2012,12319784787.2987
Albania,ALB,2013,12776277515.48
Albania,ALB,2014,13228244357.1813
Albania,ALB,2015,11335264966.561
Albania,ALB,2016,11863865978.0942
Algeria,DZA,1960,2723648551.75208
Algeria,DZA,1961,2434776645.73628
Algeria,DZA,1962,2001468867.73344
Algeria,DZA,1963,2703014867.32834
Algeria,DZA,1964,2909351792.58659
Algeria,DZA,1965,3136258896.9233
Algeria,DZA,1966,3039834558.74906
Algeria,DZA,1967,3370843065.76735
Algeria,DZA,1968,3852115816.97758
Algeria,DZA,1969,4257218772.15369
Algeria,DZA,1970,4863487492.65763
Algeria,DZA,1971,5077222366.97472
Algeria,DZA,1972,6761786386.54713
Algeria,DZA,1973,8715105930.49101
Algeria,DZA,1974,13209713643.3219
Algeria,DZA,1975,15557934268.4965
Algeria,DZA,1976,17728347374.994
Algeria,DZA,1977,20971901273.271
Algeria,DZA,1978,26364491313.4471
Algeria,DZA,1979,33243422157.6311
Algeria,DZA,1980,42345277342.0195
Algeria,DZA,1981,44348672667.8715
Algeria,DZA,1982,45207088715.6483
Algeria,DZA,1983,48801369800.3675
Algeria,DZA,1984,53698278905.9678
Algeria,DZA,1985,57937868670.1937
Algeria,DZA,1986,63696301892.8116
Algeria,DZA,1987,66742267773.1959
Algeria,DZA,1988,59089067187.3943
Algeria,DZA,1989,55631489801.5508
Algeria,DZA,1990,62045099642.7774
Algeria,DZA,1991,45715367087.1001
Algeria,DZA,1992,48003298223.1178
Algeria,DZA,1993,49946455210.966
Algeria,DZA,1994,42542571305.5136
Algeria,DZA,1995,41764052457.8814
Algeria,DZA,1996,46941496779.8499
Algeria,DZA,1997,48177862501.9495
Algeria,DZA,1998,48187747528.899
Algeria,DZA,1999,48640574566.6476
Algeria,DZA,2000,54790245600.5846
Algeria,DZA,2001,54744714396.1666
Algeria,DZA,2002,56760288973.6703
Algeria,DZA,2003,67863829880.4832
Algeria,DZA,2004,85324998813.604
Algeria,DZA,2005,103198228458.588
Algeria,DZA,2006,117027304746.54
Algeria,DZA,2007,134977087734.008
Algeria,DZA,2008,171000691877.714
Algeria,DZA,2009,137211039898.193
Algeria,DZA,2010,161207268655.392
Algeria,DZA,2011,200019057307.655
Algeria,DZA,2012,209058991952.125
Algeria,DZA,2013,209755003250.664
Algeria,DZA,2014,213810022462.428
Algeria,DZA,2015,165874330876.321
Algeria,DZA,2016,159049096745.249
American Samoa,ASM,2002,514000000
American Samoa,ASM,2003,527000000
American Samoa,ASM,2004,512000000
American Samoa,ASM,2005,503000000
American Samoa,ASM,2006,496000000
American Samoa,ASM,2007,520000000
American Samoa,ASM,2008,563000000
American Samoa,ASM,2009,678000000
American Samoa,ASM,2010,576000000
American Samoa,ASM,2011,574000000
American Samoa,ASM,2012,644000000
American Samoa,ASM,2013,641000000
American Samoa,ASM,2014,643000000
American Samoa,ASM,2015,659000000
American Samoa,ASM,2016,658000000
Andorra,AND,1970,78619206.0850963
Andorra,AND,1971,89409820.3592814
Andorra,AND,1972,113408231.944085
Andorra,AND,1973,150820102.798401
Andorra,AND,1974,186558696.279204
Andorra,AND,1975,220127246.376812
Andorra,AND,1976,227281024.620741
Andorra,AND,1977,254020153.340635
Andorra,AND,1978,308008897.569444
Andorra,AND,1979,411578334.159643
Andorra,AND,1980,446416105.825017
Andorra,AND,1981,388958731.302938
Andorra,AND,1982,375895956.383462
Andorra,AND,1983,327861832.946636
Andorra,AND,1984,330070689.298282
Andorra,AND,1985,346737964.774951
Andorra,AND,1986,482000594.03588
Andorra,AND,1987,611316399.407088
Andorra,AND,1988,721425939.15155
Andorra,AND,1989,795449332.396346
Andorra,AND,1990,1029048481.88051
Andorra,AND,1991,1106928582.86629
Andorra,AND,1992,1210013651.87713
Andorra,AND,1993,1007025755.00065
Andorra,AND,1994,1017549124.33238
Andorra,AND,1995,1178738991.19295
Andorra,AND,1996,1223945356.62682
Andorra,AND,1997,1180597272.72727
Andorra,AND,1998,1211932397.81713
Andorra,AND,1999,1239876305.13531
Andorra,AND,2000,1434429703.33518
Andorra,AND,2001,1496912751.67785
Andorra,AND,2002,1733116883.11688
Andorra,AND,2003,2398645598.19413
Andorra,AND,2004,2935659299.72684
Andorra,AND,2005,3255789080.96008
Andorra,AND,2006,3543256805.92147
Andorra,AND,2007,4016972351.49192
Andorra,AND,2008,4007353156.58415
Andorra,AND,2009,3660530702.97305
Andorra,AND,2010,3355695364.23841
Andorra,AND,2011,3442062830.13622
Andorra,AND,2012,3164615186.94591
Andorra,AND,2013,3281585236.32501
Andorra,AND,2014,3350736367.25488
Andorra,AND,2015,2811489408.89431
Andorra,AND,2016,2858517699.11504
Angola,AGO,1985,6684491978.60963
Angola,AGO,1986,6684491978.60963
Angola,AGO,1987,6684491978.60963
Angola,AGO,1988,6684491978.60963
Angola,AGO,1989,10026737967.9144
Angola,AGO,1990,10026737967.9144
Angola,AGO,1991,12118610904.2251
Angola,AGO,1992,5684291718.77106
Angola,AGO,1993,5278182970.79618
Angola,AGO,1994,4059352153.05368
Angola,AGO,1995,5039552482.42778
Angola,AGO,1996,7526446605.51712
Angola,AGO,1997,7648377412.83277
Angola,AGO,1998,6445041824.66621
Angola,AGO,1999,6152922942.98032
Angola,AGO,2000,9129594818.60749
Angola,AGO,2001,8936063723.20121
Angola,AGO,2002,12497346669.6684
Angola,AGO,2003,14188949190.618
Angola,AGO,2004,19640848728.8937
Angola,AGO,2005,28233712830.9035
Angola,AGO,2006,41789478661.3096
Angola,AGO,2007,60448921272.2326
Angola,AGO,2008,84178032716.0971
Angola,AGO,2009,75492384801.3695
Angola,AGO,2010,82470913120.7314
Angola,AGO,2011,104115923082.737
Angola,AGO,2012,115398371427.673
Angola,AGO,2013,124912063308.202
Angola,AGO,2014,126776874216.703
Angola,AGO,2015,102962245246.708
Angola,AGO,2016,95335111741.2025
Antigua and Barbuda,ATG,1977,77496740.7407407
Antigua and Barbuda,ATG,1978,87879333.3333333
Antigua and Barbuda,ATG,1979,109079962.962963
Antigua and Barbuda,ATG,1980,131431037.037037
Antigua and Barbuda,ATG,1981,147841740.740741
Antigua and Barbuda,ATG,1982,164369296.296296
Antigua and Barbuda,ATG,1983,182144111.111111
Antigua and Barbuda,ATG,1984,208372851.851852
Antigua and Barbuda,ATG,1985,240923925.925926
Antigua and Barbuda,ATG,1986,290440148.148148
Antigua and Barbuda,ATG,1987,337174851.851852
Antigua and Barbuda,ATG,1988,398637740.740741
Antigua and Barbuda,ATG,1989,438794777.777778
Antigua and Barbuda,ATG,1990,459469074.074074
Antigua and Barbuda,ATG,1991,481706333.333333
Antigua and Barbuda,ATG,1992,499281148.148148
Antigua and Barbuda,ATG,1993,535172777.777778
Antigua and Barbuda,ATG,1994,589429592.592593
Antigua and Barbuda,ATG,1995,577280740.740741
Antigua and Barbuda,ATG,1996,633730629.62963
Antigua and Barbuda,ATG,1997,680617111.111111
Antigua and Barbuda,ATG,1998,727860592.592593
Antigua and Barbuda,ATG,1999,766198925.925926
Antigua and Barbuda,ATG,2000,830158768.888889
Antigua and Barbuda,ATG,2001,800740257.407407
Antigua and Barbuda,ATG,2002,814615323.703704
Antigua and Barbuda,ATG,2003,855643099.62963
Antigua and Barbuda,ATG,2004,919577142.592592
Antigua and Barbuda,ATG,2005,1022191294.07407
Antigua and Barbuda,ATG,2006,1157005441.48148
Antigua and Barbuda,ATG,2007,1311401318.88889
Antigua and Barbuda,ATG,2008,1368431037.03704
Antigua and Barbuda,ATG,2009,1224253000
Antigua and Barbuda,ATG,2010,1152469074.07407
Antigua and Barbuda,ATG,2011,1142042925.92593
Antigua and Barbuda,ATG,2012,1211411703.7037
Antigua and Barbuda,ATG,2013,1192925407.40741
Antigua and Barbuda,ATG,2014,1280133333.33333
Antigua and Barbuda,ATG,2015,1364863037.03704
Antigua and Barbuda,ATG,2016,1460144703.7037
Argentina,ARG,1962,24450604877.6081
Argentina,ARG,1963,18272123664.4715
Argentina,ARG,1964,25605249381.7597
Argentina,ARG,1965,28344705966.6389
Argentina,ARG,1966,28630474727.9023
Argentina,ARG,1967,24256667553.2569
Argentina,ARG,1968,26436857247.4982
Argentina,ARG,1969,31256284543.6155
Argentina,ARG,1970,31584210365.5447
Argentina,ARG,1971,33293199095.4881
Argentina,ARG,1972,34733000536.2862
Argentina,ARG,1973,52544000116.9037
Argentina,ARG,1974,72436777342.4554
Argentina,ARG,1975,52438647921.9226
Argentina,ARG,1976,51169499890.7722
Argentina,ARG,1977,56781000100.9448
Argentina,ARG,1978,58082870156.2634
Argentina,ARG,1979,69252328953.3789
Argentina,ARG,1980,76961923741.9478
Argentina,ARG,1981,78676842366.4213
Argentina,ARG,1982,84307486836.724
Argentina,ARG,1983,103979106777.911
Argentina,ARG,1984,79092001998.032
Argentina,ARG,1985,88416668900.2596
Argentina,ARG,1986,110934442762.694
Argentina,ARG,1987,111106191358.197
Argentina,ARG,1988,126206817196.091
Argentina,ARG,1989,76636898036.4712
Argentina,ARG,1990,141352368714.691
Argentina,ARG,1991,189719984268.485
Argentina,ARG,1992,228788617201.696
Argentina,ARG,1993,236741715015.015
Argentina,ARG,1994,257440000000
Argentina,ARG,1995,258031750000
Argentina,ARG,1996,272149750000
Argentina,ARG,1997,292859000000
Argentina,ARG,1998,298948250000
Argentina,ARG,1999,283523000000
Argentina,ARG,2000,284203750000
Argentina,ARG,2001,268696750000
Argentina,ARG,2002,97724004251.8602
Argentina,ARG,2003,127586973492.177
Argentina,ARG,2004,164657930452.787
Argentina,ARG,2005,198737095012.282
Argentina,ARG,2006,232557260817.308
Argentina,ARG,2007,287530508430.568
Argentina,ARG,2008,361558037110.419
Argentina,ARG,2009,332976484577.619
Argentina,ARG,2010,423627422092.49
Argentina,ARG,2011,530163281574.658
Argentina,ARG,2012,545982375701.128
Argentina,ARG,2013,552025140252.246
Argentina,ARG,2014,526319673731.638
Argentina,ARG,2015,584711485367.267
Argentina,ARG,2016,545476103427.247
Armenia,ARM,1990,2256838858.42714
Armenia,ARM,1991,2068526521.90299
Armenia,ARM,1992,1272577456.12712
Armenia,ARM,1993,1201313201.01272
Armenia,ARM,1994,1315158670.28285
Armenia,ARM,1995,1468317350.06841
Armenia,ARM,1996,1596968913.27897
Armenia,ARM,1997,1639492424.36472
Armenia,ARM,1998,1893726437.26462
Armenia,ARM,1999,1845482181.44801
Armenia,ARM,2000,1911563665.39006
Armenia,ARM,2001,2118467913.37873
Armenia,ARM,2002,2376335048.39976
Armenia,ARM,2003,2807061008.69084
Armenia,ARM,2004,3576615240.41616
Armenia,ARM,2005,4900469950.09033
Armenia,ARM,2006,6384451606.1421
Armenia,ARM,2007,9206301700.39619
Armenia,ARM,2008,11662040713.8753
Armenia,ARM,2009,8647936747.98704
Armenia,ARM,2010,9260284937.79782
Armenia,ARM,2011,10142111334.4961
Armenia,ARM,2012,10619320048.5857
Armenia,ARM,2013,11121465767.4067
Armenia,ARM,2014,11609512939.7543
Armenia,ARM,2015,10553337672.9872
Armenia,ARM,2016,10572298341.5618
Aruba,ABW,1994,1330167597.76536
Aruba,ABW,1995,1320670391.06145
Aruba,ABW,1996,1379888268.15642
Aruba,ABW,1997,1531843575.41899
Aruba,ABW,1998,1665363128.49162
Aruba,ABW,1999,1722798882.68156
Aruba,ABW,2000,1873452513.96648
Aruba,ABW,2001,1920262569.8324
Aruba,ABW,2002,1941094972.06704
Aruba,ABW,2003,2021301675.97765
Aruba,ABW,2004,2228279329.60894
Aruba,ABW,2005,2331005586.59218
Aruba,ABW,2006,2421474860.3352
Aruba,ABW,2007,2623726256.98324
Aruba,ABW,2008,2791960893.85475
Aruba,ABW,2009,2498932960.89385
Aruba,ABW,2010,2467703910.61453
Aruba,ABW,2011,2584463687.15084
Australia,AUS,1960,18593347519.3191
Australia,AUS,1961,19666256019.7111
Australia,AUS,1962,19911524246.8362
Australia,AUS,1963,21527606674.8796
Australia,AUS,1964,23787658192.4068
Australia,AUS,1965,25962593795.4978
Australia,AUS,1966,27288610146.713
Australia,AUS,1967,30421099787.2102
Australia,AUS,1968,32687870982.1929
Australia,AUS,1969,36659200358.3828
Australia,AUS,1970,41304737372.6061
Australia,AUS,1971,45183111210.6619
Australia,AUS,1972,52003504672.8972
Australia,AUS,1973,63782190903.2671
Australia,AUS,1974,88906411201.1791
Australia,AUS,1975,97226546497.3372
Australia,AUS,1976,104974158578.092
Australia,AUS,1977,110266116081.67
Australia,AUS,1978,118400631626.438
Australia,AUS,1979,134793820288.538
Australia,AUS,1980,149887465181.059
Australia,AUS,1981,176804829908.278
Australia,AUS,1982,193954540439.148
Australia,AUS,1983,177176415535.798
Australia,AUS,1984,193503894222.061
Australia,AUS,1985,180470967247.066
Australia,AUS,1986,182281757134.863
Australia,AUS,1987,189375992588.671
Australia,AUS,1988,236135768335.274
Australia,AUS,1989,299941372852.374
Australia,AUS,1990,311425933051.174
Australia,AUS,1991,326068597441.331
Australia,AUS,1992,325692532492.502
Australia,AUS,1993,312372821810.006
Australia,AUS,1994,323216879972.328
Australia,AUS,1995,368391743391.743
Australia,AUS,1996,401819423368.74
Australia,AUS,1997,436097980904.68
Australia,AUS,1998,399778878111.646
Australia,AUS,1999,389146509587.668
Australia,AUS,2000,415446209885.072
Australia,AUS,2001,378899860470.108
Australia,AUS,2002,394635830891.586
Australia,AUS,2003,466853232382.062
Australia,AUS,2004,613329776639.636
Australia,AUS,2005,693764095624.718
Australia,AUS,2006,747572626534.891
Australia,AUS,2007,853764622752.61
Australia,AUS,2008,1055334825425.25
Australia,AUS,2009,927168310999.853
Australia,AUS,2010,1142876772659.21
Australia,AUS,2011,1390557034407.97
Australia,AUS,2012,1538194473087.23
Australia,AUS,2013,1567178619062.28
Australia,AUS,2014,1459597906912.7
Australia,AUS,2015,1345383143356.35
Australia,AUS,2016,1204616439828.41
Austria,AUT,1960,6592693841.18495
Austria,AUT,1961,7311749633.36229
Austria,AUT,1962,7756110210.11966
Austria,AUT,1963,8374175257.73075
Austria,AUT,1964,9169983885.71185
Austria,AUT,1965,9994070615.85997
Austria,AUT,1966,10887682273.1014
Austria,AUT,1967,11579431668.9165
Austria,AUT,1968,12440625312.8685
Austria,AUT,1969,13582798556.2404
Austria,AUT,1970,15373005768.7219
Austria,AUT,1971,17858485956.6031
Austria,AUT,1972,22059612417.4058
Austria,AUT,1973,29515467987.912
Austria,AUT,1974,35189299985.2768
Austria,AUT,1975,40059206763.056
Austria,AUT,1976,42959976068.1138
Austria,AUT,1977,51545759220.7143
Austria,AUT,1978,62052258694.2102
Austria,AUT,1979,73937296654.6577
Austria,AUT,1980,82058912465.4329
Austria,AUT,1981,71034228097.4598
Austria,AUT,1982,71275287327.5793
Austria,AUT,1983,72121016623.2572
Austria,AUT,1984,67985345161.9558
Austria,AUT,1985,69386774474.5943
Austria,AUT,1986,99036165209.5539
Austria,AUT,1987,124168442860.253
Austria,AUT,1988,133339397080.129
Austria,AUT,1989,133105805928.237
Austria,AUT,1990,166463386663.439
Austria,AUT,1991,173794177725.398
Austria,AUT,1992,195078126346.106
Austria,AUT,1993,190379720927.481
Austria,AUT,1994,203535242741.838
Austria,AUT,1995,241038283062.645
Austria,AUT,1996,237250948791.266
Austria,AUT,1997,212790348404.555
Austria,AUT,1998,218259904401.956
Austria,AUT,1999,217185787342.851
Austria,AUT,2000,196799778883.361
Austria,AUT,2001,197337879194.631
Austria,AUT,2002,213377771503.858
Austria,AUT,2003,261695778781.038
Austria,AUT,2004,300904221504.842
Austria,AUT,2005,315974418604.651
Austria,AUT,2006,335998557270.104
Austria,AUT,2007,388691445387.353
Austria,AUT,2008,430294287388.311
Austria,AUT,2009,400172297860.517
Austria,AUT,2010,391892746544.69
Austria,AUT,2011,431120310088.82
Austria,AUT,2012,409425234155.263
Austria,AUT,2013,430068712971.867
Austria,AUT,2014,441885415805.825
Austria,AUT,2015,382065930307.978
Austria,AUT,2016,390799991147.468
Azerbaijan,AZE,1990,8858006035.91566
Azerbaijan,AZE,1991,8792365810.5094
Azerbaijan,AZE,1992,4991350457.5425
Azerbaijan,AZE,1993,3973027396.65195
Azerbaijan,AZE,1994,3313739673.54738
Azerbaijan,AZE,1995,3052467522.36104
Azerbaijan,AZE,1996,3176749593.11788
Azerbaijan,AZE,1997,3962710163.11167
Azerbaijan,AZE,1998,4446396217.63265
Azerbaijan,AZE,1999,4581222442.45783
Azerbaijan,AZE,2000,5272617196.04517
Azerbaijan,AZE,2001,5707720390.8515
Azerbaijan,AZE,2002,6235795103.88809
Azerbaijan,AZE,2003,7276013031.96905
Azerbaijan,AZE,2004,8680472168.51531
Azerbaijan,AZE,2005,13245716099.0057
Azerbaijan,AZE,2006,20983019923.8863
Azerbaijan,AZE,2007,33050343782.7759
Azerbaijan,AZE,2008,48852482960.0779
Azerbaijan,AZE,2009,44291490420.5026
Azerbaijan,AZE,2010,52902703376.1056
Azerbaijan,AZE,2011,65951627200.2026
Azerbaijan,AZE,2012,69684317718.9409
Azerbaijan,AZE,2013,74164435946.4627
Azerbaijan,AZE,2014,75244166772.9185
Azerbaijan,AZE,2015,53074370486.0433
Azerbaijan,AZE,2016,37847715736.0406
"Bahamas, The",BHS,1960,169803921.568627
"Bahamas, The",BHS,1961,190098039.215686
"Bahamas, The",BHS,1962,212254901.960784
"Bahamas, The",BHS,1963,237745098.039216
"Bahamas, The",BHS,1964,266666666.666667
"Bahamas, The",BHS,1965,300392156.862745
"Bahamas, The",BHS,1966,340000000
"Bahamas, The",BHS,1967,390196078.431373
"Bahamas, The",BHS,1968,444901960.784314
"Bahamas, The",BHS,1969,528137254.901961
"Bahamas, The",BHS,1970,538423153.692615
"Bahamas, The",BHS,1971,573400000
"Bahamas, The",BHS,1972,590900000
"Bahamas, The",BHS,1973,670900000
"Bahamas, The",BHS,1974,632400000
"Bahamas, The",BHS,1975,596200000
"Bahamas, The",BHS,1976,642100000
"Bahamas, The",BHS,1977,713000000
"Bahamas, The",BHS,1978,832400000
"Bahamas, The",BHS,1979,1139800100
"Bahamas, The",BHS,1980,1335300000
"Bahamas, The",BHS,1981,1426500000
"Bahamas, The",BHS,1982,1578300000
"Bahamas, The",BHS,1983,1732800000
"Bahamas, The",BHS,1984,2041100000
"Bahamas, The",BHS,1985,2320699900
"Bahamas, The",BHS,1986,2472500000
"Bahamas, The",BHS,1987,2713999900
"Bahamas, The",BHS,1988,2817900000
"Bahamas, The",BHS,1989,3062000000
"Bahamas, The",BHS,1990,3166000000
"Bahamas, The",BHS,1991,3111160000
"Bahamas, The",BHS,1992,3109000000
"Bahamas, The",BHS,1993,3092000000
"Bahamas, The",BHS,1994,3259000000
"Bahamas, The",BHS,1995,3429000000
"Bahamas, The",BHS,1996,3609000000
"Bahamas, The",BHS,1997,4961119000
"Bahamas, The",BHS,1998,5353524000
"Bahamas, The",BHS,1999,6019972000
"Bahamas, The",BHS,2000,6327552000
"Bahamas, The",BHS,2001,6516651000
"Bahamas, The",BHS,2002,6957996000
"Bahamas, The",BHS,2003,6949317000
"Bahamas, The",BHS,2004,7094413000
"Bahamas, The",BHS,2005,7706222000
"Bahamas, The",BHS,2006,7965588000
"Bahamas, The",BHS,2007,8318996000
"Bahamas, The",BHS,2008,8247000000
"Bahamas, The",BHS,2009,7820000000
"Bahamas, The",BHS,2010,7910000000
"Bahamas, The",BHS,2011,7890000000
"Bahamas, The",BHS,2012,10720500000
"Bahamas, The",BHS,2013,10677200000
"Bahamas, The",BHS,2014,10843800000
"Bahamas, The",BHS,2015,11240000000
"Bahamas, The",BHS,2016,11261800000
Bahrain,BHR,1980,3072698328.46909
Bahrain,BHR,1981,3467819148.93617
Bahrain,BHR,1982,3645744680.85106
Bahrain,BHR,1983,3735106382.97872
Bahrain,BHR,1984,3905585106.38298
Bahrain,BHR,1985,3651861702.12766
Bahrain,BHR,1986,3052393617.02128
Bahrain,BHR,1987,3392021010.6383
Bahrain,BHR,1988,3702393617.02128
Bahrain,BHR,1989,3863563829.78723
Bahrain,BHR,1990,4229787234.04255
Bahrain,BHR,1991,4616223404.25532
Bahrain,BHR,1992,4751063829.78723
Bahrain,BHR,1993,5200265957.44681
Bahrain,BHR,1994,5567553457.44681
Bahrain,BHR,1995,5849467819.14894
Bahrain,BHR,1996,6101861436.17021
Bahrain,BHR,1997,6349202393.61702
Bahrain,BHR,1998,6183776595.74468
Bahrain,BHR,1999,6621010372.34043
Bahrain,BHR,2000,9062906914.89362
Bahrain,BHR,2001,8976207712.76596
Bahrain,BHR,2002,9632155053.19149
Bahrain,BHR,2003,11074822074.4681
Bahrain,BHR,2004,13150166755.3191
Bahrain,BHR,2005,15968726861.7021
Bahrain,BHR,2006,18505053191.4894
Bahrain,BHR,2007,21730000000
Bahrain,BHR,2008,25710877659.5745
Bahrain,BHR,2009,22938218085.1064
Bahrain,BHR,2010,25713271276.5957
Bahrain,BHR,2011,28776595744.6809
Bahrain,BHR,2012,30749308510.6383
Bahrain,BHR,2013,32539547872.3404
Bahrain,BHR,2014,33387712765.9575
Bahrain,BHR,2015,31125851063.8298
Bahrain,BHR,2016,32179069148.9362
Bangladesh,BGD,1960,4274893913.46432
Bangladesh,BGD,1961,4817580183.56657
Bangladesh,BGD,1962,5081413339.74945
Bangladesh,BGD,1963,5319458351.12372
Bangladesh,BGD,1964,5386054619.31076
Bangladesh,BGD,1965,5906636556.95802
Bangladesh,BGD,1966,6439687598.27648
Bangladesh,BGD,1967,7253575399.26882
Bangladesh,BGD,1968,7483685473.4584
Bangladesh,BGD,1969,8471006100.89247
Bangladesh,BGD,1970,8992721809.32801
Bangladesh,BGD,1971,8751842839.73302
Bangladesh,BGD,1972,6288245866.66667
Bangladesh,BGD,1973,8086725729.3407
Bangladesh,BGD,1974,12512460519.7088
Bangladesh,BGD,1975,19448348073.4565
Bangladesh,BGD,1976,10117113333.3333
Bangladesh,BGD,1977,9651149301.8746
Bangladesh,BGD,1978,13281767142.8571
Bangladesh,BGD,1979,15565480321.9448
Bangladesh,BGD,1980,18138049095.6072
Bangladesh,BGD,1981,20249694002.448
Bangladesh,BGD,1982,18525399201.5968
Bangladesh,BGD,1983,17609048821.5488
Bangladesh,BGD,1984,18920840000
Bangladesh,BGD,1985,22278423076.9231
Bangladesh,BGD,1986,21774033333.3333
Bangladesh,BGD,1987,24298032258.0645
Bangladesh,BGD,1988,26579005760.315
Bangladesh,BGD,1989,28781714763.7823
Bangladesh,BGD,1990,31598341233.5793
Bangladesh,BGD,1991,30957483290.541
Bangladesh,BGD,1992,31708873954.9405
Bangladesh,BGD,1993,33166520084.8295
Bangladesh,BGD,1994,33768662171.2233
Bangladesh,BGD,1995,37939748051.3878
Bangladesh,BGD,1996,46438482370.3942
Bangladesh,BGD,1997,48244308274.8086
Bangladesh,BGD,1998,49984559471.3656
Bangladesh,BGD,1999,51270569883.5275
Bangladesh,BGD,2000,53369787318.6245
Bangladesh,BGD,2001,53991289844.3291
Bangladesh,BGD,2002,54724081490.5102
Bangladesh,BGD,2003,60158929188.2556
Bangladesh,BGD,2004,65108544250.0425
Bangladesh,BGD,2005,69442943089.4309
Bangladesh,BGD,2006,71819083683.7403
Bangladesh,BGD,2007,79611888213.148
Bangladesh,BGD,2008,91631278239.3237
Bangladesh,BGD,2009,102477791472.39
Bangladesh,BGD,2010,115279077465.226
Bangladesh,BGD,2011,128637938711.386
Bangladesh,BGD,2012,133355749482.478
Bangladesh,BGD,2013,149990451022.29
Bangladesh,BGD,2014,172885454931.453
Bangladesh,BGD,2015,195078665827.565
Bangladesh,BGD,2016,221415162445.648
Barbados,BRB,1990,2023318251.8769
Barbados,BRB,1991,2007109829.46353
Barbados,BRB,1992,1950900000
Barbados,BRB,1993,2046189031.96937
Barbados,BRB,1994,2151295182.22045
Barbados,BRB,1995,2261969870.23318
Barbados,BRB,1996,2411872918.01323
Barbados,BRB,1997,2549296474.91672
Barbados,BRB,1998,2874459304.92716
Barbados,BRB,1999,3012081738.17929
Barbados,BRB,2000,3121500000
Barbados,BRB,2001,3116650000
Barbados,BRB,2002,3169600000
Barbados,BRB,2003,3274850000
Barbados,BRB,2004,3514350000
Barbados,BRB,2005,3897300000
Barbados,BRB,2006,4246600000
Barbados,BRB,2007,4523750000
Barbados,BRB,2008,4607300000
Barbados,BRB,2009,4434050000
Barbados,BRB,2010,4461650000
Barbados,BRB,2011,4660900000
Barbados,BRB,2012,4656350000
Barbados,BRB,2013,4612500000
Barbados,BRB,2014,4608350000
Barbados,BRB,2015,4584150000
Barbados,BRB,2016,4529050000
Belarus,BLR,1990,21650000000
Belarus,BLR,1991,17420000000
Belarus,BLR,1992,17120370370.3704
Belarus,BLR,1993,16286280991.7355
Belarus,BLR,1994,14932192010.7419
Belarus,BLR,1995,13972630803.5817
Belarus,BLR,1996,14756861538.4615
Belarus,BLR,1997,14128412417.193
Belarus,BLR,1998,15222014828.3039
Belarus,BLR,1999,12138485328.6267
Belarus,BLR,2000,12736856827.9847
Belarus,BLR,2001,12354820143.8849
Belarus,BLR,2002,14594925392.9691
Belarus,BLR,2003,17825436034.5366
Belarus,BLR,2004,23141587717.7633
Belarus,BLR,2005,30210091836.8294
Belarus,BLR,2006,36961821893.6976
Belarus,BLR,2007,45275747860.6442
Belarus,BLR,2008,60763483146.0674
Belarus,BLR,2009,49209523809.5238
Belarus,BLR,2010,57222490768.7143
Belarus,BLR,2011,61757788944.7236
Belarus,BLR,2012,65685102554.8759
Belarus,BLR,2013,75527984234.2342
Belarus,BLR,2014,78813839984.3506
Belarus,BLR,2015,56454734396.5842
Belarus,BLR,2016,47407217531.162
Belgium,BEL,1960,11658722590.99
Belgium,BEL,1961,12400145221.595
Belgium,BEL,1962,13264015675.3193
Belgium,BEL,1963,14260017387.0492
Belgium,BEL,1964,15960106680.6732
Belgium,BEL,1965,17371457607.9374
Belgium,BEL,1966,18651883472.4808
Belgium,BEL,1967,19992040788.4593
Belgium,BEL,1968,21376353113.475
Belgium,BEL,1969,23710735894.7022
Belgium,BEL,1970,26849148285.599
Belgium,BEL,1971,29981290025.4913
Belgium,BEL,1972,37408591329.8506
Belgium,BEL,1973,47999363071.8278
Belgium,BEL,1974,56333010459.8177
Belgium,BEL,1975,66029748930.5693
Belgium,BEL,1976,71494539498.4326
Belgium,BEL,1977,83283328418.6832
Belgium,BEL,1978,101788475086.461
Belgium,BEL,1979,116938066868.465
Belgium,BEL,1980,127508202372.741
Belgium,BEL,1981,105290614080.834
Belgium,BEL,1982,92588895020.3073
Belgium,BEL,1983,87650915976.3314
Belgium,BEL,1984,83795680815.4147
Belgium,BEL,1985,86730038793.3963
Belgium,BEL,1986,120661220335.922
Belgium,BEL,1987,150194077687.736
Belgium,BEL,1988,163167853538.124
Belgium,BEL,1989,165100094594.595
Belgium,BEL,1990,206430841501.69
Belgium,BEL,1991,211637816538.689
Belgium,BEL,1992,236038384441.656
Belgium,BEL,1993,225924679920.709
Belgium,BEL,1994,246194938750.904
Belgium,BEL,1995,289567323481.117
Belgium,BEL,1996,281358175895.766
Belgium,BEL,1997,254813599458.728
Belgium,BEL,1998,260601911535.897
Belgium,BEL,1999,260202429149.798
Belgium,BEL,2000,237904919845.218
Belgium,BEL,2001,237841968680.09
Belgium,BEL,2002,258860436664.784
Belgium,BEL,2003,319002821670.429
Belgium,BEL,2004,370885026074
Belgium,BEL,2005,387365750528.541
Belgium,BEL,2006,409813197842.178
Belgium,BEL,2007,471821105940.323
Belgium,BEL,2008,518625897172.99
Belgium,BEL,2009,484552792442.345
Belgium,BEL,2010,483548031197.108
Belgium,BEL,2011,527008453886.929
Belgium,BEL,2012,497884216568.867
Belgium,BEL,2013,520925468952.938
Belgium,BEL,2014,531075861047.287
Belgium,BEL,2015,455200045095.643
Belgium,BEL,2016,467955709817.539
Belize,BLZ,1960,28071888.5622288
Belize,BLZ,1961,29964370.7125857
Belize,BLZ,1962,31856922.8615428
Belize,BLZ,1963,33749405.0118998
Belize,BLZ,1964,36193826.1234775
Belize,BLZ,1965,40069930.0699301
Belize,BLZ,1966,44405594.4055944
Belize,BLZ,1967,47379310.3448276
Belize,BLZ,1968,44910179.6407186
Belize,BLZ,1969,47305389.2215569
Belize,BLZ,1970,53233532.9341317
Belize,BLZ,1971,59207317.0731707
Belize,BLZ,1972,66062500
Belize,BLZ,1973,78343558.2822086
Belize,BLZ,1974,103216374.269006
Belize,BLZ,1975,118066298.342541
Belize,BLZ,1976,96905829.5964126
Belize,BLZ,1977,117650000
Belize,BLZ,1978,136300000
Belize,BLZ,1979,151800000
Belize,BLZ,1980,194750000
Belize,BLZ,1981,192900000
Belize,BLZ,1982,179250000
Belize,BLZ,1983,189000000
Belize,BLZ,1984,210900000
Belize,BLZ,1985,209150000
Belize,BLZ,1986,227850000
Belize,BLZ,1987,276550000
Belize,BLZ,1988,314900000
Belize,BLZ,1989,363150000
Belize,BLZ,1990,413050000
Belize,BLZ,1991,444720750
Belize,BLZ,1992,518239100
Belize,BLZ,1993,559858250
Belize,BLZ,1994,580863700
Belize,BLZ,1995,620140400
Belize,BLZ,1996,641383800
Belize,BLZ,1997,654314350
Belize,BLZ,1998,688992450
Belize,BLZ,1999,732732350
Belize,BLZ,2000,832072450
Belize,BLZ,2001,871860600
Belize,BLZ,2002,932551850
Belize,BLZ,2003,990374050
Belize,BLZ,2004,1057845500
Belize,BLZ,2005,1114222550
Belize,BLZ,2006,1217467600
Belize,BLZ,2007,1290573400
Belize,BLZ,2008,1368625150
Belize,BLZ,2009,1336957250
Belize,BLZ,2010,1397113450
Belize,BLZ,2011,1486712300
Belize,BLZ,2012,1573618750
Belize,BLZ,2013,1613705850
Belize,BLZ,2014,1706497950
Belize,BLZ,2015,1742545900
Belize,BLZ,2016,1741100000
Benin,BEN,1960,226195579.35701
Benin,BEN,1961,235668222.429984
Benin,BEN,1962,236434906.75427
Benin,BEN,1963,253927646.475909
Benin,BEN,1964,269818988.259263
Benin,BEN,1965,289908720.648622
Benin,BEN,1966,302925280.773564
Benin,BEN,1967,306222000.407316
Benin,BEN,1968,326323097.355964
Benin,BEN,1969,330748211.459737
Benin,BEN,1970,333627758.154666
Benin,BEN,1971,335072975.215766
Benin,BEN,1972,410331900.950531
Benin,BEN,1973,504376035.716401
Benin,BEN,1974,554654786.965107
Benin,BEN,1975,676870140.341529
Benin,BEN,1976,698408244.385343
Benin,BEN,1977,750049739.152238
Benin,BEN,1978,928843304.783965
Benin,BEN,1979,1186231265.18417
Benin,BEN,1980,1405251547.23882
Benin,BEN,1981,1291119965.11262
Benin,BEN,1982,1267778489.03079
Benin,BEN,1983,1095348302.91865
Benin,BEN,1984,1051133927.00009
Benin,BEN,1985,1045712703.02696
Benin,BEN,1986,1336102040.71025
Benin,BEN,1987,1562412030.34838
Benin,BEN,1988,1620246187.15171
Benin,BEN,1989,1502294411.46202
Benin,BEN,1990,1959965243.76269
Benin,BEN,1991,1986437859.90346
Benin,BEN,1992,1695315305.70308
Benin,BEN,1993,2274557914.07481
Benin,BEN,1994,1598075932.35432
Benin,BEN,1995,2169627250.93379
Benin,BEN,1996,2361116587.86079
Benin,BEN,1997,2268301537.65128
Benin,BEN,1998,2455092582.30927
Benin,BEN,1999,2689787917.50711
Benin,BEN,2000,2569186642.86999
Benin,BEN,2001,2680213931.46472
Benin,BEN,2002,3054571081.6912
Benin,BEN,2003,3905366187.87017
Benin,BEN,2004,4521424807.22519
Benin,BEN,2005,4803702821.08055
Benin,BEN,2006,5142380779.44103
Benin,BEN,2007,5969535131.58016
Benin,BEN,2008,7132787396.66547
Benin,BEN,2009,7097198711.61023
Benin,BEN,2010,6970240895.49888
Benin,BEN,2011,7814081155.64988
Benin,BEN,2012,8152554487.31321
Benin,BEN,2013,9156748441.42175
Benin,BEN,2014,9707432015.61441
Benin,BEN,2015,8290986804.45245
Benin,BEN,2016,8583031398.21675
Bermuda,BMU,1960,84466654.0801544
Bermuda,BMU,1961,89249986.7007156
Bermuda,BMU,1962,94149985.9705588
Bermuda,BMU,1963,96366652.3069165
Bermuda,BMU,1964,107566650.637987
Bermuda,BMU,1965,114339048.962736
Bermuda,BMU,1966,134173373.782802
Bermuda,BMU,1967,155102984.621576
Bermuda,BMU,1968,150000000
Bermuda,BMU,1969,164900000
Bermuda,BMU,1970,186300000
Bermuda,BMU,1971,211100000
Bermuda,BMU,1972,235400000
Bermuda,BMU,1973,269500000
Bermuda,BMU,1974,312600000
Bermuda,BMU,1975,345000000
Bermuda,BMU,1976,386300000
Bermuda,BMU,1977,447000000
Bermuda,BMU,1978,475800000
Bermuda,BMU,1979,517200000
Bermuda,BMU,1980,613299968
Bermuda,BMU,1981,739100032
Bermuda,BMU,1982,785500032
Bermuda,BMU,1983,889400000
Bermuda,BMU,1984,985699968
Bermuda,BMU,1985,1039500032
Bermuda,BMU,1986,1173500032
Bermuda,BMU,1987,1296499968
Bermuda,BMU,1988,1415100032
Bermuda,BMU,1989,1501500032
Bermuda,BMU,1990,1592400000
Bermuda,BMU,1991,1634899968
Bermuda,BMU,1992,1679900032
Bermuda,BMU,1993,1820359936
Bermuda,BMU,1994,1867160064
Bermuda,BMU,1995,2030749952
Bermuda,BMU,1996,2695390000
Bermuda,BMU,1997,2932827000
Bermuda,BMU,1998,3130748000
Bermuda,BMU,1999,3324433000
Bermuda,BMU,2000,3480219000
Bermuda,BMU,2001,3680483000
Bermuda,BMU,2002,3937228000
Bermuda,BMU,2003,4186525000
Bermuda,BMU,2004,4484703000
Bermuda,BMU,2005,4868136000
Bermuda,BMU,2006,5414299000
Bermuda,BMU,2007,5895048000
Bermuda,BMU,2008,6109928000
Bermuda,BMU,2009,5806378000
Bermuda,BMU,2010,5744414000
Bermuda,BMU,2011,5550771000
Bermuda,BMU,2012,5537537000
Bermuda,BMU,2013,5573710000
Bhutan,BTN,1980,135653295.165394
Bhutan,BTN,1981,146391639.722864
Bhutan,BTN,1982,148934334.038055
Bhutan,BTN,1983,165585940.594059
Bhutan,BTN,1984,169264991.197183
Bhutan,BTN,1985,172217502.021019
Bhutan,BTN,1986,201375725.614592
Bhutan,BTN,1987,253182453.703704
Bhutan,BTN,1988,283855833.333333
Bhutan,BTN,1989,275949889.09427
Bhutan,BTN,1990,299787275.842376
Bhutan,BTN,1991,250045839.929639
Bhutan,BTN,1992,250794359.567901
Bhutan,BTN,1993,235239570.350935
Bhutan,BTN,1994,270801565.189672
Bhutan,BTN,1995,303053462.843047
Bhutan,BTN,1996,316420860.852385
Bhutan,BTN,1997,365964500.137703
Bhutan,BTN,1998,376955087.251575
Bhutan,BTN,1999,419035810.496981
Bhutan,BTN,2000,439158233.199822
Bhutan,BTN,2001,476360697.181606
Bhutan,BTN,2002,537050133.717342
Bhutan,BTN,2003,622026107.771576
Bhutan,BTN,2004,702682018.976169
Bhutan,BTN,2005,818869145.124717
Bhutan,BTN,2006,897731524.929922
Bhutan,BTN,2007,1196091805.02316
Bhutan,BTN,2008,1258332337.28382
Bhutan,BTN,2009,1264758197.96593
Bhutan,BTN,2010,1585472534.10547
Bhutan,BTN,2011,1820207625.80217
Bhutan,BTN,2012,1823692109.61652
Bhutan,BTN,2013,1798333725.83954
Bhutan,BTN,2014,1944782820.88824
Bhutan,BTN,2015,2059258652.94668
Bhutan,BTN,2016,2212638830.39439
Bolivia,BOL,1960,563110051.920733
Bolivia,BOL,1961,612518906.826491
Bolivia,BOL,1962,669722541.277818
Bolivia,BOL,1963,721142957.311474
Bolivia,BOL,1964,812543072.505384
Bolivia,BOL,1965,908874537.037037
Bolivia,BOL,1966,994044553.872054
Bolivia,BOL,1967,1084059814.81481
Bolivia,BOL,1968,908874537.037037
Bolivia,BOL,1969,964615698.653199
Bolivia,BOL,1970,1017171717.17172
Bolivia,BOL,1971,1095454545.45455
Bolivia,BOL,1972,1257615644.97932
Bolivia,BOL,1973,1263018490.75462
Bolivia,BOL,1974,2100249875.06247
Bolivia,BOL,1975,2404697651.17441
Bolivia,BOL,1976,2732083958.02099
Bolivia,BOL,1977,3227436281.85907
Bolivia,BOL,1978,3758220889.55522
Bolivia,BOL,1979,4421343606.18135
Bolivia,BOL,1980,4537487842.57749
Bolivia,BOL,1981,5891606676.18271
Bolivia,BOL,1982,5594118400.16731
Bolivia,BOL,1983,5422656261.71049
Bolivia,BOL,1984,6169481549.37482
Bolivia,BOL,1985,5377277406.71638
Bolivia,BOL,1986,3959379487.6064
Bolivia,BOL,1987,4347956298.51327
Bolivia,BOL,1988,4597615562.66594
Bolivia,BOL,1989,4715978868.21613
Bolivia,BOL,1990,4867582620.20708
Bolivia,BOL,1991,5343274311.56789
Bolivia,BOL,1992,5643893347.00679
Bolivia,BOL,1993,5734676560.92471
Bolivia,BOL,1994,5981244886.917
Bolivia,BOL,1995,6715220507.05164
Bolivia,BOL,1996,7396966657.47054
Bolivia,BOL,1997,7925673448.41368
Bolivia,BOL,1998,8497545598.08352
Bolivia,BOL,1999,8285075872.27307
Bolivia,BOL,2000,8397912509.09679
Bolivia,BOL,2001,8141537937.61068
Bolivia,BOL,2002,7905485216.17852
Bolivia,BOL,2003,8082364868.39357
Bolivia,BOL,2004,8773451738.91129
Bolivia,BOL,2005,9549077869.1065
Bolivia,BOL,2006,11451869164.7112
Bolivia,BOL,2007,13120159975.5451
Bolivia,BOL,2008,16674324634.2373
Bolivia,BOL,2009,17339992165.2422
Bolivia,BOL,2010,19649631308.1648
Bolivia,BOL,2011,23963033443.8518
Bolivia,BOL,2012,27084497539.7974
Bolivia,BOL,2013,30659338929.0883
Bolivia,BOL,2014,32996187988.4226
Bolivia,BOL,2015,33000198263.3864
Bolivia,BOL,2016,33806395513.7482
Bosnia and Herzegovina,BIH,1994,1255802469.1358
Bosnia and Herzegovina,BIH,1995,1866572953.73666
Bosnia and Herzegovina,BIH,1996,2786045321.63743
Bosnia and Herzegovina,BIH,1997,3671816504.23851
Bosnia and Herzegovina,BIH,1998,4116699437.4041
Bosnia and Herzegovina,BIH,1999,4685729738.56209
Bosnia and Herzegovina,BIH,2000,5505984455.95855
Bosnia and Herzegovina,BIH,2001,5748990666.17862
Bosnia and Herzegovina,BIH,2002,6651226179.01829
Bosnia and Herzegovina,BIH,2003,8370020196.19158
Bosnia and Herzegovina,BIH,2004,10022840634.9206
Bosnia and Herzegovina,BIH,2005,11225138297.1959
Bosnia and Herzegovina,BIH,2006,12866524918.2221
Bosnia and Herzegovina,BIH,2007,15776422673.198
Bosnia and Herzegovina,BIH,2008,19112739664.4697
Bosnia and Herzegovina,BIH,2009,17613836209.9581
Bosnia and Herzegovina,BIH,2010,17176781336.7644
Bosnia and Herzegovina,BIH,2011,18644723860.9709
Bosnia and Herzegovina,BIH,2012,17226849297.07
Bosnia and Herzegovina,BIH,2013,18178503835.4491
Bosnia and Herzegovina,BIH,2014,18558343508.3435
Bosnia and Herzegovina,BIH,2015,16209702863.6235
Bosnia and Herzegovina,BIH,2016,16910277133.6463
Botswana,BWA,1960,30412308.9864012
Botswana,BWA,1961,32902336.644746
Botswana,BWA,1962,35643207.6265246
Botswana,BWA,1963,38091150.566196
Botswana,BWA,1964,41613969.0506064
Botswana,BWA,1965,45790869.7473126
Botswana,BWA,1966,51464435.1464435
Botswana,BWA,1967,58646443.5146444
Botswana,BWA,1968,66248256.6248257
Botswana,BWA,1969,77356914.0788191
Botswana,BWA,1970,96245114.4611949
Botswana,BWA,1971,126957494.407159
Botswana,BWA,1972,165258093.875959
Botswana,BWA,1973,244129088.027662
Botswana,BWA,1974,306033848.417954
Botswana,BWA,1975,355172413.793103
Botswana,BWA,1976,372010119.595216
Botswana,BWA,1977,451603325.415677
Botswana,BWA,1978,590376720.598889
Botswana,BWA,1979,819877300.613497
Botswana,BWA,1980,1060923829.13021
Botswana,BWA,1981,1073861599.13948
Botswana,BWA,1982,1014907254.54016
Botswana,BWA,1983,1172258182.14969
Botswana,BWA,1984,1240796364.75662
Botswana,BWA,1985,1114764007.14811
Botswana,BWA,1986,1392634771.9653
Botswana,BWA,1987,1965274882.36345
Botswana,BWA,1988,2644536804.11244
Botswana,BWA,1989,3083800684.89751
Botswana,BWA,1990,3790567051.86778
Botswana,BWA,1991,3942792837.35655
Botswana,BWA,1992,4146513722.33019
Botswana,BWA,1993,4160086253.1468
Botswana,BWA,1994,4259330999.03151
Botswana,BWA,1995,4730611067.02258
Botswana,BWA,1996,4847752842.78924
Botswana,BWA,1997,5020214747.45261
Botswana,BWA,1998,4790458837.17078
Botswana,BWA,1999,5484257417.17844
Botswana,BWA,2000,5788329609.15755
Botswana,BWA,2001,5489608299.66445
Botswana,BWA,2002,5438857106.73536
Botswana,BWA,2003,7511582173.37724
Botswana,BWA,2004,8957467706.5354
Botswana,BWA,2005,9931134940.51346
Botswana,BWA,2006,10126940513.3125
Botswana,BWA,2007,10939053367.1521
Botswana,BWA,2008,10945070441.9283
Botswana,BWA,2009,10267133177.7334
Botswana,BWA,2010,12786654365.8738
Botswana,BWA,2011,15682926895.9668
Botswana,BWA,2012,14686278707.4589
Botswana,BWA,2013,14915780538.6724
Botswana,BWA,2014,16259445052.5565
Botswana,BWA,2015,14430573505.3797
Botswana,BWA,2016,15581137273.7728
Brazil,BRA,1960,15165569912.5199
Brazil,BRA,1961,15236854859.469
Brazil,BRA,1962,19926293839.0163
Brazil,BRA,1963,23021477292.2093
Brazil,BRA,1964,21211892259.9904
Brazil,BRA,1965,21790035117.19
Brazil,BRA,1966,27062716577.9111
Brazil,BRA,1967,30591834053.9653
Brazil,BRA,1968,33875881876.3672
Brazil,BRA,1969,37458898243.8609
Brazil,BRA,1970,42327600098.2412
Brazil,BRA,1971,49204456700.4516
Brazil,BRA,1972,58539008786.3684
Brazil,BRA,1973,79279057730.829
Brazil,BRA,1974,105136007528.76
Brazil,BRA,1975,123709376567.89
Brazil,BRA,1976,152678020452.829
Brazil,BRA,1977,176171284311.761
Brazil,BRA,1978,200800891870.164
Brazil,BRA,1979,224969488835.181
Brazil,BRA,1980,235024598983.261
Brazil,BRA,1981,263561088977.129
Brazil,BRA,1982,281682304161.041
Brazil,BRA,1983,203304515490.795
Brazil,BRA,1984,209023912696.839
Brazil,BRA,1985,222942790435.299
Brazil,BRA,1986,268137224729.722
Brazil,BRA,1987,294084112392.66
Brazil,BRA,1988,330397381998.489
Brazil,BRA,1989,425595310000
Brazil,BRA,1990,461951782000
Brazil,BRA,1991,602860000000
Brazil,BRA,1992,400599250000
Brazil,BRA,1993,437798577639.752
Brazil,BRA,1994,558111997497.263
Brazil,BRA,1995,785643456467.255
Brazil,BRA,1996,850425828275.793
Brazil,BRA,1997,883199443413.729
Brazil,BRA,1998,863723395088.324
Brazil,BRA,1999,599388879704.634
Brazil,BRA,2000,655421153320.579
Brazil,BRA,2001,559372502338.237
Brazil,BRA,2002,507962741819.919
Brazil,BRA,2003,558320116997.075
Brazil,BRA,2004,669316239316.239
Brazil,BRA,2005,891629970423.924
Brazil,BRA,2006,1107640325472.35
Brazil,BRA,2007,1397084381901.29
Brazil,BRA,2008,1695824517395.57
Brazil,BRA,2009,1667019605881.76
Brazil,BRA,2010,2208871646202.82
Brazil,BRA,2011,2616201578192.25
Brazil,BRA,2012,2465188674415.03
Brazil,BRA,2013,2472806919901.67
Brazil,BRA,2014,2455993200170
Brazil,BRA,2015,1803652649613.75
Brazil,BRA,2016,1796186586414.45
Brunei Darussalam,BRN,1965,114040245.655299
Brunei Darussalam,BRN,1966,132758395.400497
Brunei Darussalam,BRN,1967,139030445.576898
Brunei Darussalam,BRN,1968,160819286.554292
Brunei Darussalam,BRN,1969,161211289.690318
Brunei Darussalam,BRN,1970,179080099.307461
Brunei Darussalam,BRN,1971,197523179.241883
Brunei Darussalam,BRN,1972,270818555.823521
Brunei Darussalam,BRN,1973,433092003.579273
Brunei Darussalam,BRN,1974,1073577085.64159
Brunei Darussalam,BRN,1975,1168304305.65513
Brunei Darussalam,BRN,1976,1423061356.64562
Brunei Darussalam,BRN,1977,1732721160.94122
Brunei Darussalam,BRN,1978,1941600703.60598
Brunei Darussalam,BRN,1979,2803780005.51826
Brunei Darussalam,BRN,1980,4928824957.9675
Brunei Darussalam,BRN,1981,4366213849.57637
Brunei Darussalam,BRN,1982,4264252336.4486
Brunei Darussalam,BRN,1983,3844723142.45149
Brunei Darussalam,BRN,1984,3782523088.4628
Brunei Darussalam,BRN,1985,3523612563.06532
Brunei Darussalam,BRN,1986,2358592817.12134
Brunei Darussalam,BRN,1987,2754463437.79677
Brunei Darussalam,BRN,1988,2690717551.18267
Brunei Darussalam,BRN,1989,2985467979.28524
Brunei Darussalam,BRN,1990,3520551724.13793
Brunei Darussalam,BRN,1991,3701667052.55846
Brunei Darussalam,BRN,1992,4183548189.07305
Brunei Darussalam,BRN,1993,4105706151.75145
Brunei Darussalam,BRN,1994,4087337959.93191
Brunei Darussalam,BRN,1995,4734020036.68689
Brunei Darussalam,BRN,1996,5115602836.87943
Brunei Darussalam,BRN,1997,5197332974.13793
Brunei Darussalam,BRN,1998,4051147227.53346
Brunei Darussalam,BRN,1999,4600000000
Brunei Darussalam,BRN,2000,6001153306.2645
Brunei Darussalam,BRN,2001,5601090584.36122
Brunei Darussalam,BRN,2002,5843329107.56171
Brunei Darussalam,BRN,2003,6557333084.60567
Brunei Darussalam,BRN,2004,7872333215.00414
Brunei Darussalam,BRN,2005,9531402847.87311
Brunei Darussalam,BRN,2006,11470703002.0769
Brunei Darussalam,BRN,2007,12247694247.2298
Brunei Darussalam,BRN,2008,14393099068.5859
Brunei Darussalam,BRN,2009,10732366286.2643
Brunei Darussalam,BRN,2010,13707370737.0737
Brunei Darussalam,BRN,2011,18525319977.7407
Brunei Darussalam,BRN,2012,19048495518.5659
Brunei Darussalam,BRN,2013,18093829923.2737
Brunei Darussalam,BRN,2014,17098342541.4365
Brunei Darussalam,BRN,2015,12930394937.8137
Brunei Darussalam,BRN,2016,11400653731.9916
Bulgaria,BGR,1980,19839230769.2308
Bulgaria,BGR,1981,19870000000
Bulgaria,BGR,1982,19342000000
Bulgaria,BGR,1983,16563666666.6667
Bulgaria,BGR,1984,17594944444.4444
Bulgaria,BGR,1985,17155421052.6316
Bulgaria,BGR,1986,20249294117.6471
Bulgaria,BGR,1987,28101000000
Bulgaria,BGR,1988,22555941176.4706
Bulgaria,BGR,1989,21988444444.4444
Bulgaria,BGR,1990,20632090909.0909
Bulgaria,BGR,1991,10943548387.0968
Bulgaria,BGR,1992,10350515463.9175
Bulgaria,BGR,1993,10829710144.9275
Bulgaria,BGR,1994,9697416974.16974
Bulgaria,BGR,1995,13063422619.0476
Bulgaria,BGR,1996,10109404159.6402
Bulgaria,BGR,1997,11195630536.8928
Bulgaria,BGR,1998,14630974778.4594
Bulgaria,BGR,1999,13495062850.302
Bulgaria,BGR,2000,13148099185.2305
Bulgaria,BGR,2001,14135393875.5893
Bulgaria,BGR,2002,16360346653.8276
Bulgaria,BGR,2003,21074775206.3254
Bulgaria,BGR,2004,26094622563.6468
Bulgaria,BGR,2005,29821662537.3229
Bulgaria,BGR,2006,34304448149.8108
Bulgaria,BGR,2007,44765733379.986
Bulgaria,BGR,2008,54409138498.3548
Bulgaria,BGR,2009,51884481410.3931
Bulgaria,BGR,2010,50610031135.7791
Bulgaria,BGR,2011,57418391041.5926
Bulgaria,BGR,2012,53903028252.2996
Bulgaria,BGR,2013,55758744571.1183
Bulgaria,BGR,2014,56732006512.0065
Bulgaria,BGR,2015,50199117547.0415
Bulgaria,BGR,2016,53237882472.7108
Burkina Faso,BFA,1960,330442817.168859
Burkina Faso,BFA,1961,350247237.11684
Burkina Faso,BFA,1962,379567178.256898
Burkina Faso,BFA,1963,394040749.12567
Burkina Faso,BFA,1964,410321785.631059
Burkina Faso,BFA,1965,422916848.424208
Burkina Faso,BFA,1966,433889831.584706
Burkina Faso,BFA,1967,450753993.176448
Burkina Faso,BFA,1968,460442864.205949
Burkina Faso,BFA,1969,478298781.545658
Burkina Faso,BFA,1970,458404330.125096
Burkina Faso,BFA,1971,482411278.982439
Burkina Faso,BFA,1972,578595583.975723
Burkina Faso,BFA,1973,674773821.151416
Burkina Faso,BFA,1974,751133642.647461
Burkina Faso,BFA,1975,939972703.463021
Burkina Faso,BFA,1976,976547572.215824
Burkina Faso,BFA,1977,1131225278.77773
Burkina Faso,BFA,1978,1475584037.28156
Burkina Faso,BFA,1979,1748480982.18517
Burkina Faso,BFA,1980,1928720390.28869
Burkina Faso,BFA,1981,1775842679.94056
Burkina Faso,BFA,1982,1754450379.2077
Burkina Faso,BFA,1983,1600278756.43589
Burkina Faso,BFA,1984,1459880352.6483
Burkina Faso,BFA,1985,1552493413.98989
Burkina Faso,BFA,1986,2036303381.20142
Burkina Faso,BFA,1987,2369835438.62393
Burkina Faso,BFA,1988,2616040645.87263
Burkina Faso,BFA,1989,2615588545.68629
Burkina Faso,BFA,1990,3101301780.95067
Burkina Faso,BFA,1991,3135045684.1006
Burkina Faso,BFA,1992,2240264711.54816
Burkina Faso,BFA,1993,2332018010.55341
Burkina Faso,BFA,1994,1895290964.80829
Burkina Faso,BFA,1995,2379518099.2266
Burkina Faso,BFA,1996,2586550747.09844
Burkina Faso,BFA,1997,2447669403.89018
Burkina Faso,BFA,1998,2804902723.73145
Burkina Faso,BFA,1999,2993753187.09677
Burkina Faso,BFA,2000,2628920056.10098
Burkina Faso,BFA,2001,2812845513.57125
Burkina Faso,BFA,2002,3205592289.79773
Burkina Faso,BFA,2003,4205691222.11396
Burkina Faso,BFA,2004,4838551099.70985
Burkina Faso,BFA,2005,5462709498.45119
Burkina Faso,BFA,2006,5844669845.53733
Burkina Faso,BFA,2007,6771277870.96412
Burkina Faso,BFA,2008,8369637065.40255
Burkina Faso,BFA,2009,8369175126.25316
Burkina Faso,BFA,2010,8979966766.07232
Burkina Faso,BFA,2011,10724063457.8326
Burkina Faso,BFA,2012,11166063466.5623
Burkina Faso,BFA,2013,11947176341.9966
Burkina Faso,BFA,2014,12377391462.6377
Burkina Faso,BFA,2015,10419303761.3524
Burkina Faso,BFA,2016,11693235542.0671
Burundi,BDI,1960,195999990
Burundi,BDI,1961,202999992
Burundi,BDI,1962,213500006
Burundi,BDI,1963,232749998
Burundi,BDI,1964,260750008
Burundi,BDI,1965,158994962.962963
Burundi,BDI,1966,165444571.428571
Burundi,BDI,1967,178297142.857143
Burundi,BDI,1968,183200000
Burundi,BDI,1969,190205714.285714
Burundi,BDI,1970,242732571.428571
Burundi,BDI,1971,252842285.714286
Burundi,BDI,1972,246804571.428571
Burundi,BDI,1973,304339839.552146
Burundi,BDI,1974,345263492.063492
Burundi,BDI,1975,420986666.666667
Burundi,BDI,1976,448412753.623188
Burundi,BDI,1977,547535555.555556
Burundi,BDI,1978,610225555.555556
Burundi,BDI,1979,782496666.666667
Burundi,BDI,1980,919726666.666667
Burundi,BDI,1981,969046666.666667
Burundi,BDI,1982,1013222222.22222
Burundi,BDI,1983,1082926304.46477
Burundi,BDI,1984,987143931.166987
Burundi,BDI,1985,1149979285.77347
Burundi,BDI,1986,1201725497.06578
Burundi,BDI,1987,1131466494.01101
Burundi,BDI,1988,1082403219.48787
Burundi,BDI,1989,1113924130.41149
Burundi,BDI,1990,1132101252.51817
Burundi,BDI,1991,1167398478.3459
Burundi,BDI,1992,1083037670.60484
Burundi,BDI,1993,938632612.026359
Burundi,BDI,1994,925030590.153683
Burundi,BDI,1995,1000428393.88528
Burundi,BDI,1996,869033856.317093
Burundi,BDI,1997,972896267.915425
Burundi,BDI,1998,893770806.077641
Burundi,BDI,1999,808077223.365746
Burundi,BDI,2000,870486065.883137
Burundi,BDI,2001,876794723.068586
Burundi,BDI,2002,825394490.159111
Burundi,BDI,2003,784654423.620476
Burundi,BDI,2004,915257323.3961
Burundi,BDI,2005,1117257279.46188
Burundi,BDI,2006,1273180597.02711
Burundi,BDI,2007,1356078278.18821
Burundi,BDI,2008,1611634331.64869
Burundi,BDI,2009,1739781488.7457
Burundi,BDI,2010,2026864469.36388
Burundi,BDI,2011,2355652125.85184
Burundi,BDI,2012,2472384906.99793
Burundi,BDI,2013,2714505634.52629
Burundi,BDI,2014,3093647226.8107
Burundi,BDI,2015,3066681386.73841
Burundi,BDI,2016,3007029030.4001
Cabo Verde,CPV,1980,142246875.536716
Cabo Verde,CPV,1981,139468114.599741
Cabo Verde,CPV,1982,140630758.594899
Cabo Verde,CPV,1983,138476239.366792
Cabo Verde,CPV,1984,132019065.033419
Cabo Verde,CPV,1985,137728155.212661
Cabo Verde,CPV,1986,190651207.999511
Cabo Verde,CPV,1987,235253171.841062
Cabo Verde,CPV,1988,264308140.285149
Cabo Verde,CPV,1989,267448513.108168
Cabo Verde,CPV,1990,306891107.262039
Cabo Verde,CPV,1991,319827058.592875
Cabo Verde,CPV,1992,357160985.327413
Cabo Verde,CPV,1993,490417389.682569
Cabo Verde,CPV,1994,406580652.330537
Cabo Verde,CPV,1995,487148993.533109
Cabo Verde,CPV,1996,501979069.274683
Cabo Verde,CPV,1997,490608657.924976
Cabo Verde,CPV,1998,521910560.524868
Cabo Verde,CPV,1999,592416703.058878
Cabo Verde,CPV,2000,539227277.626411
Cabo Verde,CPV,2001,563024383.296626
Cabo Verde,CPV,2002,620974660.230303
Cabo Verde,CPV,2003,813963830.179217
Cabo Verde,CPV,2004,924318490.7598
Cabo Verde,CPV,2005,971977088.156914
Cabo Verde,CPV,2006,1107891063.43863
Cabo Verde,CPV,2007,1513934037.24782
Cabo Verde,CPV,2008,1789333748.6799
Cabo Verde,CPV,2009,1711817181.52969
Cabo Verde,CPV,2010,1664310769.55229
Cabo Verde,CPV,2011,1864824080.69256
Cabo Verde,CPV,2012,1751888561.72747
Cabo Verde,CPV,2013,1850951315.45564
Cabo Verde,CPV,2014,1858121723.24993
Cabo Verde,CPV,2015,1574288667.69981
Cabo Verde,CPV,2016,1617467435.77007
Cambodia,KHM,1960,637142865.714286
Cambodia,KHM,1961,642857134.285714
Cambodia,KHM,1962,660000008.571429
Cambodia,KHM,1963,728571437.142857
Cambodia,KHM,1964,782857128.571429
Cambodia,KHM,1965,868571428.571429
Cambodia,KHM,1966,914285714.285714
Cambodia,KHM,1967,962857134.285714
Cambodia,KHM,1968,1065714248.57143
Cambodia,KHM,1969,978873232.394366
Cambodia,KHM,1970,718401157.724163
Cambodia,KHM,1971,969911421.394181
Cambodia,KHM,1972,505549441.375077
Cambodia,KHM,1973,702899155.982033
Cambodia,KHM,1974,588443893.689773
Cambodia,KHM,1993,2533727592.04165
Cambodia,KHM,1994,2791435272.26653
Cambodia,KHM,1995,3441205692.9166
Cambodia,KHM,1996,3506695719.57259
Cambodia,KHM,1997,3443413388.6909
Cambodia,KHM,1998,3120425502.58253
Cambodia,KHM,1999,3517242477.2285
Cambodia,KHM,2000,3654031716.26881
Cambodia,KHM,2001,3984000517.02345
Cambodia,KHM,2002,4284028482.53766
Cambodia,KHM,2003,4658246918.27092
Cambodia,KHM,2004,5337833248.03924
Cambodia,KHM,2005,6293046161.83262
Cambodia,KHM,2006,7274595706.67154
Cambodia,KHM,2007,8639235842.18075
Cambodia,KHM,2008,10351914093.1723
Cambodia,KHM,2009,10401851850.6108
Cambodia,KHM,2010,11242275198.9783
Cambodia,KHM,2011,12829541141.0127
Cambodia,KHM,2012,14038383450.186
Cambodia,KHM,2013,15449630418.5486
Cambodia,KHM,2014,16777820332.7059
Cambodia,KHM,2015,18049954289.4229
Cambodia,KHM,2016,20016747754.0192
Cameroon,CMR,1960,618740988.011405
Cameroon,CMR,1961,657597382.759152
Cameroon,CMR,1962,699373701.217138
Cameroon,CMR,1963,723624365.288138
Cameroon,CMR,1964,782384527.813649
Cameroon,CMR,1965,814139855.756458
Cameroon,CMR,1966,853268771.097081
Cameroon,CMR,1967,934079050.346173
Cameroon,CMR,1968,1053077155.17925
Cameroon,CMR,1969,1152418514.82616
Cameroon,CMR,1970,1160002260.94729
Cameroon,CMR,1971,1233991075.11626
Cameroon,CMR,1972,1430951331.85034
Cameroon,CMR,1973,1758727395.18703
Cameroon,CMR,1974,2255496995.49378
Cameroon,CMR,1975,2752771043.88609
Cameroon,CMR,1976,3076592431.27204
Cameroon,CMR,1977,3366368664.59706
Cameroon,CMR,1978,4409920643.6422
Cameroon,CMR,1979,5811444660.65752
Cameroon,CMR,1980,6740756568.91566
Cameroon,CMR,1981,7636345827.34308
Cameroon,CMR,1982,7322914570.15588
Cameroon,CMR,1983,7381854746.91629
Cameroon,CMR,1984,7801858825.18416
Cameroon,CMR,1985,8148223603.58399
Cameroon,CMR,1986,10621158532.5193
Cameroon,CMR,1987,12302471429.4318
Cameroon,CMR,1988,12493286761.7341
Cameroon,CMR,1989,11140055364.1502
Cameroon,CMR,1990,11151578050.7356
Cameroon,CMR,1991,12434370004.9586
Cameroon,CMR,1992,11396310990.2197
Cameroon,CMR,1993,15498179313.0425
Cameroon,CMR,1994,10600157683.8412
Cameroon,CMR,1995,9643953174.77349
Cameroon,CMR,1996,10513387441.6194
Cameroon,CMR,1997,10833497457.5123
Cameroon,CMR,1998,10612847429.35
Cameroon,CMR,1999,11198378749.4719
Cameroon,CMR,2000,10083937740.0624
Cameroon,CMR,2001,10371327756.4548
Cameroon,CMR,2002,11579343088.1613
Cameroon,CMR,2003,14548845764.5325
Cameroon,CMR,2004,17430933517.2998
Cameroon,CMR,2005,17944084201.4901
Cameroon,CMR,2006,19356046327.8995
Cameroon,CMR,2007,22365265025.66
Cameroon,CMR,2008,26409781215.1844
Cameroon,CMR,2009,26017925551.8426
Cameroon,CMR,2010,26143818509.6421
Cameroon,CMR,2011,29337006833.0825
Cameroon,CMR,2012,29104437355.0395
Cameroon,CMR,2013,32348149947.3727
Cameroon,CMR,2014,34942948737.3967
Cameroon,CMR,2015,30916218544.4404
Cameroon,CMR,2016,32217497470.489
Canada,CAN,1960,41093453544.9096
Canada,CAN,1961,40767969453.696
Canada,CAN,1962,41978852041.4426
Canada,CAN,1963,44657169109.224
Canada,CAN,1964,48882938810.2204
Canada,CAN,1965,53909570342.169
Canada,CAN,1966,60358632035.1532
Canada,CAN,1967,64768831262.1761
Canada,CAN,1968,70759031841.7237
Canada,CAN,1969,77887510241.7083
Canada,CAN,1970,87896095224.4234
Canada,CAN,1971,99271961477.5203
Canada,CAN,1972,113082820992.019
Canada,CAN,1973,131321859214.079
Canada,CAN,1974,160408697648.262
Canada,CAN,1975,173834029787.652
Canada,CAN,1976,206575564401.623
Canada,CAN,1977,211612156934.65
Canada,CAN,1978,218632867449.812
Canada,CAN,1979,243072102185.419
Canada,CAN,1980,273853826377.01
Canada,CAN,1981,306214863624.99
Canada,CAN,1982,313506525087.136
Canada,CAN,1983,340547711781.889
Canada,CAN,1984,355372558103.621
Canada,CAN,1985,364756499450.751
Canada,CAN,1986,377437927311.983
Canada,CAN,1987,431316742081.448
Canada,CAN,1988,507354351182.254
Canada,CAN,1989,565055743243.243
Canada,CAN,1990,593929550908.468
Canada,CAN,1991,610328183643.188
Canada,CAN,1992,592387689252.916
Canada,CAN,1993,577170761956.438
Canada,CAN,1994,578139279437.61
Canada,CAN,1995,604031623433.401
Canada,CAN,1996,628546387972.131
Canada,CAN,1997,652825364726.275
Canada,CAN,1998,631813279406.808
Canada,CAN,1999,676082654640.91
Canada,CAN,2000,742293448252.643
Canada,CAN,2001,736379777892.562
Canada,CAN,2002,757950678646.53
Canada,CAN,2003,892380986367.854
Canada,CAN,2004,1023196003074.56
Canada,CAN,2005,1169357979864.66
Canada,CAN,2006,1315415197461.21
Canada,CAN,2007,1464977190205.75
Canada,CAN,2008,1549131208997.19
Canada,CAN,2009,1371153004986.44
Canada,CAN,2010,1613464422811.13
Canada,CAN,2011,1788647906047.76
Canada,CAN,2012,1824288757447.57
Canada,CAN,2013,1842628005830.18
Canada,CAN,2014,1792883225804.38
Canada,CAN,2015,1552807652015.37
Canada,CAN,2016,1529760492201.35
Cayman Islands,CYM,1996,1012444074.07495
Cayman Islands,CYM,2006,3207032512.94205
Central African Republic,CAF,1960,112155598.949571
Central African Republic,CAF,1961,123134584.467673
Central African Republic,CAF,1962,124482748.937917
Central African Republic,CAF,1963,129379097.888958
Central African Republic,CAF,1964,142025069.461676
Central African Republic,CAF,1965,150574816.300764
Central African Republic,CAF,1966,157930041.875883
Central African Republic,CAF,1967,163820538.867947
Central African Republic,CAF,1968,191767436.956884
Central African Republic,CAF,1969,188039191.323608
Central African Republic,CAF,1970,189106554.521277
Central African Republic,CAF,1971,201450768.367553
Central African Republic,CAF,1972,230317908.038643
Central African Republic,CAF,1973,271183061.359635
Central African Republic,CAF,1974,281398668.160613
Central African Republic,CAF,1975,378660016.265936
Central African Republic,CAF,1976,451152449.984411
Central African Republic,CAF,1977,507298120.68315
Central African Republic,CAF,1978,610578523.761178
Central African Republic,CAF,1979,700764892.704831
Central African Republic,CAF,1980,797048028.773247
Central African Republic,CAF,1981,694803502.722356
Central African Republic,CAF,1982,748312283.726758
Central African Republic,CAF,1983,658679394.907969
Central African Republic,CAF,1984,637820620.670195
Central African Republic,CAF,1985,864849765.059664
Central African Republic,CAF,1986,1122265026.38274
Central African Republic,CAF,1987,1200991825.95398
Central African Republic,CAF,1988,1264899368.20165
Central African Republic,CAF,1989,1233930277.04922
Central African Republic,CAF,1990,1440711395.67069
Central African Republic,CAF,1991,1377375030.52921
Central African Republic,CAF,1992,1411917558.45855
Central African Republic,CAF,1993,1278781166.72188
Central African Republic,CAF,1994,851174350.649409
Central African Republic,CAF,1995,1115389731.79119
Central African Republic,CAF,1996,1007791186.20106
Central African Republic,CAF,1997,937741468.029676
Central African Republic,CAF,1998,967338348.658314
Central African Republic,CAF,1999,999477510.686632
Central African Republic,CAF,2000,914500299.097034
Central African Republic,CAF,2001,931833302.752857
Central African Republic,CAF,2002,991387870.12463
Central African Republic,CAF,2003,1139754799.16304
Central African Republic,CAF,2004,1270080250.65268
Central African Republic,CAF,2005,1350301057.06866
Central African Republic,CAF,2006,1460562038.37097
Central African Republic,CAF,2007,1698125617.92304
Central African Republic,CAF,2008,1985239276.62611
Central African Republic,CAF,2009,1981728140.77833
Central African Republic,CAF,2010,1986014845.63184
Central African Republic,CAF,2011,2212699746.81377
Central African Republic,CAF,2012,2184183758.31567
Central African Republic,CAF,2013,1518565219.01061
Central African Republic,CAF,2014,1702898939.55483
Central African Republic,CAF,2015,1583776759.97697
Central African Republic,CAF,2016,1756124677.19671
Chad,TCD,1960,313582727.638108
Chad,TCD,1961,333975336.626596
Chad,TCD,1962,357635713.876856
Chad,TCD,1963,371767002.656036
Chad,TCD,1964,392247517.601949
Chad,TCD,1965,416926302.963497
Chad,TCD,1966,432794922.459759
Chad,TCD,1967,449826322.995107
Chad,TCD,1968,453980096.654412
Chad,TCD,1969,471635620.924368
Chad,TCD,1970,469266736.605101
Chad,TCD,1971,501866730.722503
Chad,TCD,1972,585427545.723598
Chad,TCD,1973,647199482.827982
Chad,TCD,1974,652532796.06664
Chad,TCD,1975,864602103.303074
Chad,TCD,1976,866044961.048354
Chad,TCD,1977,935360466.351488
Chad,TCD,1978,1113920122.61232
Chad,TCD,1979,1004316495.11176
Chad,TCD,1980,1033002401.82543
Chad,TCD,1981,876937559.724954
Chad,TCD,1982,834369860.427317
Chad,TCD,1983,832415805.956265
Chad,TCD,1984,919103735.322906
Chad,TCD,1985,1033069709.99506
Chad,TCD,1986,1067828247.23579
Chad,TCD,1987,1163426850.65024
Chad,TCD,1988,1482597298.88729
Chad,TCD,1989,1433686309.83641
Chad,TCD,1990,1738605558.05436
Chad,TCD,1991,1877138041.64308
Chad,TCD,1992,1881847676.80752
Chad,TCD,1993,1463251055.40068
Chad,TCD,1994,1179837954.72193
Chad,TCD,1995,1445919969.89272
Chad,TCD,1996,1607345450.04578
Chad,TCD,1997,1544689502.82472
Chad,TCD,1998,1744794457.276
Chad,TCD,1999,1534673583.2487
Chad,TCD,2000,1385058161.76746
Chad,TCD,2001,1709347793.32873
Chad,TCD,2002,1987622279.11463
Chad,TCD,2003,2736666515.8294
Chad,TCD,2004,4414929219.99649
Chad,TCD,2005,6646663561.2656
Chad,TCD,2006,7422102655.98832
Chad,TCD,2007,8638711442.7705
Chad,TCD,2008,10351932604.4154
Chad,TCD,2009,9253484108.49701
Chad,TCD,2010,10657705536.4978
Chad,TCD,2011,12156380425.0825
Chad,TCD,2012,12368071038.7362
Chad,TCD,2013,12949854262.8127
Chad,TCD,2014,13922223233.5184
Chad,TCD,2015,10888798113.7866
Chad,TCD,2016,9600761473.78738
Channel Islands,CHI,1998,5945677376.61477
Channel Islands,CHI,1999,6262740656.85164
Channel Islands,CHI,2000,6439703434.71024
Channel Islands,CHI,2001,6232906290.4851
Channel Islands,CHI,2002,6663669064.7482
Channel Islands,CHI,2003,7332244897.95918
Channel Islands,CHI,2004,8553643354.08275
Channel Islands,CHI,2005,8827272727.27273
Channel Islands,CHI,2006,9676172953.08188
Channel Islands,CHI,2007,11514605842.3369
Chile,CHL,1960,4110000000
Chile,CHL,1961,4609727272.72727
Chile,CHL,1962,5416272727.27273
Chile,CHL,1963,5668187500
Chile,CHL,1964,5982347826.08696
Chile,CHL,1965,6026593750
Chile,CHL,1966,7072641025.64103
Chile,CHL,1967,7013196078.43137
Chile,CHL,1968,7167086956.52174
Chile,CHL,1969,8377093023.25581
